user_id&$,|server_id
60784473402257408&$,|490367152054992913
77790543626645504&$,|490367152054992913
81408851743612928&$,|490367152054992913
83976238552616960&$,|490367152054992913
85686484463517696&$,|490367152054992913
88709136308514816&$,|490367152054992913
95597665001152512&$,|490367152054992913
100320678472867840&$,|490367152054992913
104558308068704256&$,|490367152054992913
105709907789021184&$,|490367152054992913
105848539233394688&$,|490367152054992913
105891637955153920&$,|490367152054992913
106206607259488256&$,|490367152054992913
106330015196598272&$,|490367152054992913
106749408187518976&$,|490367152054992913
108940559615275008&$,|490367152054992913
109667794735333376&$,|490367152054992913
110084606941745152&$,|490367152054992913
110508715278385152&$,|490367152054992913
114514394846724100&$,|490367152054992913
115774397918347273&$,|490367152054992913
117330083651387398&$,|490367152054992913
120215867886796813&$,|490367152054992913
121694081821704195&$,|490367152054992913
125001847726538753&$,|490367152054992913
125227954098667520&$,|490367152054992913
125713989219909633&$,|490367152054992913
126168835819569152&$,|490367152054992913
126224401736794123&$,|490367152054992913
128586995869024256&$,|490367152054992913
128702913022263296&$,|490367152054992913
140631519130681344&$,|490367152054992913
140869712941809665&$,|490367152054992913
141966345255256065&$,|490367152054992913
142705318047121409&$,|490367152054992913
144505162667524096&$,|490367152054992913
146022160564092929&$,|490367152054992913
148472230983106560&$,|490367152054992913
149990576572334080&$,|490367152054992913
152155059960938497&$,|490367152054992913
152476348420587520&$,|490367152054992913
153422578067832832&$,|490367152054992913
153460134364971019&$,|490367152054992913
153718711130259457&$,|490367152054992913
153749231432105985&$,|490367152054992913
158161389473628160&$,|490367152054992913
159526522389135361&$,|490367152054992913
159985870458322944&$,|490367152054992913
160789104777363456&$,|490367152054992913
162234033516969985&$,|490367152054992913
163167990479585280&$,|490367152054992913
164037326006124544&$,|490367152054992913
165967472229482498&$,|490367152054992913
168838297290801153&$,|490367152054992913
169278949476532224&$,|490367152054992913
173961955776790528&$,|490367152054992913
174118371309256704&$,|490367152054992913
174266326544678912&$,|490367152054992913
178569722953072642&$,|490367152054992913
178840572318973952&$,|490367152054992913
179454550409871360&$,|490367152054992913
179983857267769344&$,|490367152054992913
180483776613187586&$,|490367152054992913
181184467640123392&$,|490367152054992913
181403719332528128&$,|490367152054992913
181530969877118976&$,|490367152054992913
182312175304441856&$,|490367152054992913
182698223977103360&$,|490367152054992913
184508714903011329&$,|490367152054992913
185457870114914304&$,|490367152054992913
186235437847674880&$,|490367152054992913
186364485651398656&$,|490367152054992913
186546985245999104&$,|490367152054992913
187076806413778944&$,|490367152054992913
188021881675317248&$,|490367152054992913
188420223597150208&$,|490367152054992913
189205273552879616&$,|490367152054992913
190209003052072960&$,|490367152054992913
191514653719789568&$,|490367152054992913
194777855849267200&$,|490367152054992913
196284093166518272&$,|490367152054992913
197355788916883456&$,|490367152054992913
198605932886753280&$,|490367152054992913
198644087400693761&$,|490367152054992913
201024478401134592&$,|490367152054992913
201806702620835841&$,|490367152054992913
204255221017214977&$,|490367152054992913
204451869144252417&$,|490367152054992913
204863091756892160&$,|490367152054992913
205796791004692480&$,|490367152054992913
205833873571971072&$,|490367152054992913
207241096642691072&$,|490367152054992913
209141563324891136&$,|490367152054992913
209326823056736256&$,|490367152054992913
209871410930122754&$,|490367152054992913
210772327812694017&$,|490367152054992913
211064242080710657&$,|490367152054992913
211174379747278848&$,|490367152054992913
211310556722757633&$,|490367152054992913
211343865708412928&$,|490367152054992913
212326819226058752&$,|490367152054992913
212766113941946370&$,|490367152054992913
213172021578694661&$,|490367152054992913
213747408230809600&$,|490367152054992913
215477480268627968&$,|490367152054992913
216356589987299328&$,|490367152054992913
216732707449733120&$,|490367152054992913
218233183647432704&$,|490367152054992913
218786139350237186&$,|490367152054992913
219622632893448192&$,|490367152054992913
220963972097114112&$,|490367152054992913
222795486975754240&$,|490367152054992913
223222462815404035&$,|490367152054992913
223486514607161344&$,|490367152054992913
224421573036081152&$,|490367152054992913
227642762638393344&$,|490367152054992913
228844299205345280&$,|490367152054992913
230276610459172864&$,|490367152054992913
230775176147501066&$,|490367152054992913
233216382823563265&$,|490367152054992913
233320194003435520&$,|490367152054992913
233790779162624001&$,|490367152054992913
235068808509915136&$,|490367152054992913
236574617454641152&$,|490367152054992913
236768994411937792&$,|490367152054992913
237723375982739456&$,|490367152054992913
237946092119916546&$,|490367152054992913
237981726595481612&$,|490367152054992913
240085715365527552&$,|490367152054992913
240637699155820544&$,|490367152054992913
241551818964860928&$,|490367152054992913
241777687998234624&$,|490367152054992913
242763057086857216&$,|490367152054992913
243722887163412481&$,|490367152054992913
244942051500752896&$,|490367152054992913
245127969368965120&$,|490367152054992913
245625172957200384&$,|490367152054992913
246527949447233536&$,|490367152054992913
247062536053063680&$,|490367152054992913
247770734615724034&$,|490367152054992913
247789501882040321&$,|490367152054992913
247824036976001025&$,|490367152054992913
248813731579035648&$,|490367152054992913
249878232835293184&$,|490367152054992913
250732175593439232&$,|490367152054992913
251089187447635970&$,|490367152054992913
251201893303320577&$,|490367152054992913
251748828636512256&$,|490367152054992913
252144500246446080&$,|490367152054992913
253418389442265098&$,|490367152054992913
254388254827085824&$,|490367152054992913
255350858479304704&$,|490367152054992913
257573357531299840&$,|490367152054992913
257693093871091712&$,|490367152054992913
257901195924865024&$,|490367152054992913
258309881344294912&$,|490367152054992913
258567654883852290&$,|490367152054992913
259929557493088257&$,|490367152054992913
260049220088758273&$,|490367152054992913
260127274001629184&$,|490367152054992913
260807377064820738&$,|490367152054992913
261763973379129354&$,|490367152054992913
262498851070410752&$,|490367152054992913
263475489320992768&$,|490367152054992913
265059209379315712&$,|490367152054992913
265567812808867840&$,|490367152054992913
267637991508410379&$,|490367152054992913
268181868237684737&$,|490367152054992913
268425409136295946&$,|490367152054992913
268562129957683210&$,|490367152054992913
269664060461547520&$,|490367152054992913
269895840838057995&$,|490367152054992913
270206636738609152&$,|490367152054992913
270271067459682306&$,|490367152054992913
270514621650042880&$,|490367152054992913
270959959523590144&$,|490367152054992913
271136314521419781&$,|490367152054992913
271734741261221890&$,|490367152054992913
271913519719514115&$,|490367152054992913
272094207848611841&$,|490367152054992913
272220842010607617&$,|490367152054992913
272442420732362753&$,|490367152054992913
273482791839334400&$,|490367152054992913
274607996628369408&$,|490367152054992913
275254519695409153&$,|490367152054992913
275847521350320130&$,|490367152054992913
276147575021764608&$,|490367152054992913
276188428029132800&$,|490367152054992913
277464781521420288&$,|490367152054992913
278073248707641345&$,|490367152054992913
278096288686276608&$,|490367152054992913
279663707678834688&$,|490367152054992913
279954201906380801&$,|490367152054992913
280305827053699072&$,|490367152054992913
280349759254953986&$,|490367152054992913
281990219648204801&$,|490367152054992913
282679916410175488&$,|490367152054992913
284131628148588545&$,|490367152054992913
284143606720233474&$,|490367152054992913
284291341150846978&$,|490367152054992913
284296441730564096&$,|490367152054992913
286637821144596483&$,|490367152054992913
287384444430712835&$,|490367152054992913
287550883296837632&$,|490367152054992913
288401811759693845&$,|490367152054992913
289186866308186113&$,|490367152054992913
290463554639757313&$,|490367152054992913
290600475294826517&$,|490367152054992913
291388682710024192&$,|490367152054992913
291716660644282368&$,|490367152054992913
291977526287532032&$,|490367152054992913
294236299215503362&$,|490367152054992913
294387945207758848&$,|490367152054992913
295260753458364416&$,|490367152054992913
298022725300256769&$,|490367152054992913
298397755540373504&$,|490367152054992913
299443139201204224&$,|490367152054992913
299928812651544576&$,|490367152054992913
299956114399690752&$,|490367152054992913
300353841835147265&$,|490367152054992913
301404260300619787&$,|490367152054992913
302653250274852874&$,|490367152054992913
303257628509995009&$,|490367152054992913
304090068094550018&$,|490367152054992913
304100912182460437&$,|490367152054992913
304755407014985729&$,|490367152054992913
304860541732519936&$,|490367152054992913
305051138338586624&$,|490367152054992913
305071562241998858&$,|490367152054992913
305847135998443521&$,|490367152054992913
305886525537910815&$,|490367152054992913
306185268879425538&$,|490367152054992913
307209250772484097&$,|490367152054992913
307701913028263936&$,|490367152054992913
307972633784483850&$,|490367152054992913
308177647412707328&$,|490367152054992913
311227712247431168&$,|490367152054992913
311985361658183691&$,|490367152054992913
313007864488787968&$,|490367152054992913
313333225680273419&$,|490367152054992913
313885031498121219&$,|490367152054992913
314771702418505728&$,|490367152054992913
315932549203623936&$,|490367152054992913
317393815831052288&$,|490367152054992913
317870672724361216&$,|490367152054992913
318374299889041409&$,|490367152054992913
318538011077902336&$,|490367152054992913
318758220850135041&$,|490367152054992913
319167601005559808&$,|490367152054992913
319181977112674316&$,|490367152054992913
319729719450796032&$,|490367152054992913
319847454461657098&$,|490367152054992913
319951251561250818&$,|490367152054992913
320253850504265738&$,|490367152054992913
320562810205634561&$,|490367152054992913
320601271214276608&$,|490367152054992913
321156441656524802&$,|490367152054992913
321615830527901706&$,|490367152054992913
321963917121159189&$,|490367152054992913
322153009289101322&$,|490367152054992913
322405571892346890&$,|490367152054992913
322633765564186624&$,|490367152054992913
323194606982397962&$,|490367152054992913
323744285818224642&$,|490367152054992913
324247828643971082&$,|490367152054992913
324823737256116225&$,|490367152054992913
325249049127026698&$,|490367152054992913
325367386628685824&$,|490367152054992913
325778362377175042&$,|490367152054992913
326495271771045897&$,|490367152054992913
326920350065754124&$,|490367152054992913
327153535206817802&$,|490367152054992913
327959835524202506&$,|490367152054992913
328373798028050432&$,|490367152054992913
328953414660915210&$,|490367152054992913
329464579908304897&$,|490367152054992913
329770484759789568&$,|490367152054992913
330677994442063873&$,|490367152054992913
330736597584576514&$,|490367152054992913
330981254633619467&$,|490367152054992913
331132795827257344&$,|490367152054992913
332989893590515722&$,|490367152054992913
333385547080794115&$,|490367152054992913
333460908200296449&$,|490367152054992913
333580755806584833&$,|490367152054992913
334720310299459604&$,|490367152054992913
336297839627993098&$,|490367152054992913
336861546213015552&$,|490367152054992913
337579586944499714&$,|490367152054992913
337591759553167362&$,|490367152054992913
337643467268423682&$,|490367152054992913
337902748181725184&$,|490367152054992913
338155978618830848&$,|490367152054992913
338300038927351809&$,|490367152054992913
338683655700348928&$,|490367152054992913
338898625675526158&$,|490367152054992913
339431278619394059&$,|490367152054992913
340082737354506261&$,|490367152054992913
340212430506295297&$,|490367152054992913
340220909224722446&$,|490367152054992913
341600224092880906&$,|490367152054992913
341626367068078102&$,|490367152054992913
342432830657265665&$,|490367152054992913
342867014567591937&$,|490367152054992913
343953121992769536&$,|490367152054992913
344170102645587980&$,|490367152054992913
344172139466981379&$,|490367152054992913
344392160734347265&$,|490367152054992913
344476122890633226&$,|490367152054992913
345023606457237505&$,|490367152054992913
345260118587211776&$,|490367152054992913
345366756690231297&$,|490367152054992913
346702110718558209&$,|490367152054992913
346800886896525324&$,|490367152054992913
347053609768189952&$,|490367152054992913
347394735276687383&$,|490367152054992913
347739812339515392&$,|490367152054992913
347920444822781953&$,|490367152054992913
348225936572809230&$,|490367152054992913
348438333774495745&$,|490367152054992913
348475800892211212&$,|490367152054992913
348927586354855939&$,|490367152054992913
349413558242639882&$,|490367152054992913
349465216209387530&$,|490367152054992913
349914765877051415&$,|490367152054992913
350513362423250945&$,|490367152054992913
350988325508874242&$,|490367152054992913
351425181526392832&$,|490367152054992913
351971307644256256&$,|490367152054992913
352946464038715404&$,|490367152054992913
353778465822081026&$,|490367152054992913
353916680906342400&$,|490367152054992913
354167045832835072&$,|490367152054992913
354877740291325954&$,|490367152054992913
355811677331259413&$,|490367152054992913
355918051520151553&$,|490367152054992913
356146310606487555&$,|490367152054992913
356559088907190285&$,|490367152054992913
357037823829999618&$,|490367152054992913
357293800709947394&$,|490367152054992913
357698878730010624&$,|490367152054992913
357828243228983298&$,|490367152054992913
358445213389422595&$,|490367152054992913
358761029158567936&$,|490367152054992913
360746005261713408&$,|490367152054992913
361310189900529675&$,|490367152054992913
362884220936388608&$,|490367152054992913
363141036270419970&$,|490367152054992913
363166153130115073&$,|490367152054992913
363332134787612672&$,|490367152054992913
363433254533201931&$,|490367152054992913
363811821280428043&$,|490367152054992913
364278601622749185&$,|490367152054992913
364466328234491904&$,|490367152054992913
364756605792681987&$,|490367152054992913
365066208187514881&$,|490367152054992913
365760420239245312&$,|490367152054992913
365934760536834048&$,|490367152054992913
366859716803952651&$,|490367152054992913
367333864328396800&$,|490367152054992913
367628757336588298&$,|490367152054992913
368113344588152842&$,|490367152054992913
369442080180928522&$,|490367152054992913
370484162030993418&$,|490367152054992913
370852884432027650&$,|490367152054992913
371620258953560064&$,|490367152054992913
371715223465230337&$,|490367152054992913
371758662185910272&$,|490367152054992913
372011353164087299&$,|490367152054992913
372422943147294721&$,|490367152054992913
372675959972823040&$,|490367152054992913
373328677443862530&$,|490367152054992913
373911459995844609&$,|490367152054992913
374387655397343253&$,|490367152054992913
374587188781907980&$,|490367152054992913
375317292147408896&$,|490367152054992913
375361766055739392&$,|490367152054992913
375551430913818624&$,|490367152054992913
375641728256049157&$,|490367152054992913
375996017247649793&$,|490367152054992913
376096170897965056&$,|490367152054992913
376701211174371328&$,|490367152054992913
377133212016574467&$,|490367152054992913
377391567658287105&$,|490367152054992913
377727774435049473&$,|490367152054992913
378058902476161024&$,|490367152054992913
378203971132719124&$,|490367152054992913
378261293116686337&$,|490367152054992913
378570144667926528&$,|490367152054992913
379020255164366848&$,|490367152054992913
379718356523024395&$,|490367152054992913
379893855987957760&$,|490367152054992913
380001975950901250&$,|490367152054992913
380030047320539137&$,|490367152054992913
380315172176265217&$,|490367152054992913
380489848550850580&$,|490367152054992913
381140359402618880&$,|490367152054992913
381760959406014464&$,|490367152054992913
381849171130449932&$,|490367152054992913
382505961262153731&$,|490367152054992913
382595780164190219&$,|490367152054992913
382653477337300993&$,|490367152054992913
382907166992105473&$,|490367152054992913
382934735724347402&$,|490367152054992913
382943117067943946&$,|490367152054992913
383276402050334721&$,|490367152054992913
383472535649648641&$,|490367152054992913
383634537231417344&$,|490367152054992913
383734481607196672&$,|490367152054992913
384086168586813440&$,|490367152054992913
384693696853049344&$,|490367152054992913
384736077145047051&$,|490367152054992913
386688405859467274&$,|490367152054992913
386835527984349186&$,|490367152054992913
387081271706386442&$,|490367152054992913
387232975777169411&$,|490367152054992913
387426975649759244&$,|490367152054992913
387473255071481857&$,|490367152054992913
387709592496242720&$,|490367152054992913
387955944450949130&$,|490367152054992913
388087061158035458&$,|490367152054992913
388117002448928783&$,|490367152054992913
388951618013626368&$,|490367152054992913
389090148023009291&$,|490367152054992913
389314364102017024&$,|490367152054992913
389900202112450560&$,|490367152054992913
390144971522572293&$,|490367152054992913
390268762420543489&$,|490367152054992913
390297186363244544&$,|490367152054992913
390639887746859019&$,|490367152054992913
391400334825619457&$,|490367152054992913
391409877324660736&$,|490367152054992913
391523844806148097&$,|490367152054992913
391788394856054784&$,|490367152054992913
392382688390021130&$,|490367152054992913
392679620312432643&$,|490367152054992913
392715449583796225&$,|490367152054992913
392998611647987712&$,|490367152054992913
393156553353461760&$,|490367152054992913
393701657466241025&$,|490367152054992913
394101140561592321&$,|490367152054992913
394537695185076244&$,|490367152054992913
394587443854311436&$,|490367152054992913
394680084163723276&$,|490367152054992913
394743436256870400&$,|490367152054992913
395137356589563904&$,|490367152054992913
395152493388234752&$,|490367152054992913
395537922520252419&$,|490367152054992913
397445752516771850&$,|490367152054992913
397822900909899787&$,|490367152054992913
397831553528365058&$,|490367152054992913
397842499500113941&$,|490367152054992913
398504905188442112&$,|490367152054992913
398813181205807105&$,|490367152054992913
398898564488495104&$,|490367152054992913
399067452006203404&$,|490367152054992913
399134390598238208&$,|490367152054992913
399181925673205760&$,|490367152054992913
399522265026265088&$,|490367152054992913
399560230951845888&$,|490367152054992913
399630371156787200&$,|490367152054992913
400114085233950720&$,|490367152054992913
400516398905950219&$,|490367152054992913
401082802331713546&$,|490367152054992913
401314421227651076&$,|490367152054992913
401459662551121921&$,|490367152054992913
401473346664923146&$,|490367152054992913
401823453830971392&$,|490367152054992913
402171737963495424&$,|490367152054992913
402192987917910026&$,|490367152054992913
402213844664975370&$,|490367152054992913
402604950204579882&$,|490367152054992913
402682438091931650&$,|490367152054992913
402748291512664065&$,|490367152054992913
402919995903836163&$,|490367152054992913
403459253018427402&$,|490367152054992913
403807501516275714&$,|490367152054992913
403851436959596547&$,|490367152054992913
403992003819601930&$,|490367152054992913
404726216147468306&$,|490367152054992913
404885491712917505&$,|490367152054992913
405810636866584587&$,|490367152054992913
405976528334094366&$,|490367152054992913
406117964950274049&$,|490367152054992913
406146111808602115&$,|490367152054992913
406287512303042561&$,|490367152054992913
406424197770903554&$,|490367152054992913
406424373843460106&$,|490367152054992913
407190515839139853&$,|490367152054992913
407384554630807552&$,|490367152054992913
407870171806564352&$,|490367152054992913
407879596285886474&$,|490367152054992913
408079740658778114&$,|490367152054992913
409159043391815680&$,|490367152054992913
409201185132773378&$,|490367152054992913
409208449063452672&$,|490367152054992913
409449114695237632&$,|490367152054992913
409469594164527124&$,|490367152054992913
409663432778842122&$,|490367152054992913
410119637867429899&$,|490367152054992913
410219426332540940&$,|490367152054992913
410468113310810134&$,|490367152054992913
410544169594126336&$,|490367152054992913
410568850283823105&$,|490367152054992913
410825210359447553&$,|490367152054992913
410828867352395806&$,|490367152054992913
410881636327227392&$,|490367152054992913
410984124489138178&$,|490367152054992913
410988468961935361&$,|490367152054992913
411154935917445145&$,|490367152054992913
411253774456324097&$,|490367152054992913
411359274934206495&$,|490367152054992913
411537626546438144&$,|490367152054992913
411566789252874241&$,|490367152054992913
411645961144631306&$,|490367152054992913
411788438808035338&$,|490367152054992913
412455334372835328&$,|490367152054992913
412782077998792704&$,|490367152054992913
413055192855216130&$,|490367152054992913
413318311565197312&$,|490367152054992913
414349952857407500&$,|490367152054992913
415326122893508608&$,|490367152054992913
416014717195124746&$,|490367152054992913
417272709542838282&$,|490367152054992913
418591571055869965&$,|490367152054992913
418684345130287115&$,|490367152054992913
418965373128278017&$,|490367152054992913
419179214005207069&$,|490367152054992913
420036738392784907&$,|490367152054992913
420668228717641728&$,|490367152054992913
420952668266037258&$,|490367152054992913
421293473459863553&$,|490367152054992913
421318452989526017&$,|490367152054992913
422019621261148160&$,|490367152054992913
422020302009139210&$,|490367152054992913
422304033928380417&$,|490367152054992913
422405273508904960&$,|490367152054992913
422457142155542549&$,|490367152054992913
424151307675369488&$,|490367152054992913
424372805744721921&$,|490367152054992913
424496033318305792&$,|490367152054992913
424988298147135498&$,|490367152054992913
425707465632382976&$,|490367152054992913
426731456996442127&$,|490367152054992913
427125728711016468&$,|490367152054992913
428246148495572992&$,|490367152054992913
429083168310689802&$,|490367152054992913
430784091697315840&$,|490367152054992913
430972358157926400&$,|490367152054992913
431432559881224212&$,|490367152054992913
431833159248904193&$,|490367152054992913
432050383372812288&$,|490367152054992913
432927628890996736&$,|490367152054992913
433163869851222016&$,|490367152054992913
433326606195621888&$,|490367152054992913
433675989055438860&$,|490367152054992913
434017015758585867&$,|490367152054992913
434166917679546368&$,|490367152054992913
434706018103197696&$,|490367152054992913
435363863639097344&$,|490367152054992913
436452764705488898&$,|490367152054992913
436941209714556938&$,|490367152054992913
438712110495825922&$,|490367152054992913
438810605227474944&$,|490367152054992913
440044820237647873&$,|490367152054992913
440186012338094080&$,|490367152054992913
440507007167102978&$,|490367152054992913
440822585597493268&$,|490367152054992913
440838174219042826&$,|490367152054992913
441472847874097152&$,|490367152054992913
441914242254241793&$,|490367152054992913
442071858515279884&$,|490367152054992913
442299026688442378&$,|490367152054992913
442346201770229782&$,|490367152054992913
442943210092888065&$,|490367152054992913
443433266050105349&$,|490367152054992913
444131870985289728&$,|490367152054992913
444431509559181322&$,|490367152054992913
445091203114074122&$,|490367152054992913
445418318762082304&$,|490367152054992913
446142747234140160&$,|490367152054992913
447305832632156160&$,|490367152054992913
449538062544928779&$,|490367152054992913
449583708358443010&$,|490367152054992913
450493901531250699&$,|490367152054992913
450611236426481664&$,|490367152054992913
451214654941954048&$,|490367152054992913
451425060486643731&$,|490367152054992913
451467360520372235&$,|490367152054992913
452332550694895618&$,|490367152054992913
452742952360607754&$,|490367152054992913
452882551732961280&$,|490367152054992913
453353709527760927&$,|490367152054992913
454630920905818113&$,|490367152054992913
454754385579343873&$,|490367152054992913
455570134459744296&$,|490367152054992913
456226577798135808&$,|490367152054992913
456349235495960577&$,|490367152054992913
456472673720074251&$,|490367152054992913
456636430471528458&$,|490367152054992913
457354081619673128&$,|490367152054992913
458891124426407947&$,|490367152054992913
459073648087793664&$,|490367152054992913
459159799557390346&$,|490367152054992913
459705855399690240&$,|490367152054992913
459735671066853386&$,|490367152054992913
460082455643160587&$,|490367152054992913
460473144629788673&$,|490367152054992913
460555028688797696&$,|490367152054992913
460615910273843201&$,|490367152054992913
461530388326514690&$,|490367152054992913
461830588773433365&$,|490367152054992913
462583731199279114&$,|490367152054992913
462807734539124736&$,|490367152054992913
462909645950812165&$,|490367152054992913
463328333841825802&$,|490367152054992913
463427784635711488&$,|490367152054992913
464558979092054037&$,|490367152054992913
465067615950209024&$,|490367152054992913
465181824306511892&$,|490367152054992913
466727434927079428&$,|490367152054992913
467243961820643357&$,|490367152054992913
467515080137900042&$,|490367152054992913
468067666104549377&$,|490367152054992913
469151026751209483&$,|490367152054992913
469725628233416705&$,|490367152054992913
470125368787861514&$,|490367152054992913
470869310374674443&$,|490367152054992913
471217254697140227&$,|490367152054992913
471268309095022592&$,|490367152054992913
471374786778497033&$,|490367152054992913
471746540973850635&$,|490367152054992913
472775545831292930&$,|490367152054992913
473198585890996224&$,|490367152054992913
474402975180128267&$,|490367152054992913
475003996466315277&$,|490367152054992913
475048780564267008&$,|490367152054992913
475114187010474004&$,|490367152054992913
475869948376383489&$,|490367152054992913
476050371685384212&$,|490367152054992913
476067280795467776&$,|490367152054992913
476149229170065418&$,|490367152054992913
476161239475814411&$,|490367152054992913
476451887496036352&$,|490367152054992913
476555889508089867&$,|490367152054992913
476762900275658762&$,|490367152054992913
477774564663754754&$,|490367152054992913
477913575726383125&$,|490367152054992913
478191008379699210&$,|490367152054992913
479674456365727745&$,|490367152054992913
479828650309713950&$,|490367152054992913
480080591623290910&$,|490367152054992913
480223794414354433&$,|490367152054992913
480326792482127887&$,|490367152054992913
480331539427753998&$,|490367152054992913
480426455554064395&$,|490367152054992913
481325898151362583&$,|490367152054992913
481347962958512139&$,|490367152054992913
481415052973441044&$,|490367152054992913
483711691511693312&$,|490367152054992913
484792924630941706&$,|490367152054992913
485367898194575360&$,|490367152054992913
486452104706392066&$,|490367152054992913
486596613226233857&$,|490367152054992913
486822588249800716&$,|490367152054992913
487263625841737738&$,|490367152054992913
487306998921297920&$,|490367152054992913
488408777981165571&$,|490367152054992913
488725464022646809&$,|490367152054992913
489061151628460032&$,|490367152054992913
489206164270350337&$,|490367152054992913
489881561890684970&$,|490367152054992913
489914064919855114&$,|490367152054992913
490260896610910228&$,|490367152054992913
491301894170476555&$,|490367152054992913
493451144966963200&$,|490367152054992913
493831911190429706&$,|490367152054992913
494282559627329546&$,|490367152054992913
494401090473951233&$,|490367152054992913
494607332777394180&$,|490367152054992913
494613747483279370&$,|490367152054992913
494621039171731469&$,|490367152054992913
494790116678565890&$,|490367152054992913
495304863576752134&$,|490367152054992913
496291094942973970&$,|490367152054992913
496439248530964480&$,|490367152054992913
497686294256943104&$,|490367152054992913
498244007630077952&$,|490367152054992913
498538362978828308&$,|490367152054992913
499071680841252884&$,|490367152054992913
499079408619880448&$,|490367152054992913
499401005314867212&$,|490367152054992913
499465100076515330&$,|490367152054992913
500021455229026304&$,|490367152054992913
500243158299443200&$,|490367152054992913
500368232994045976&$,|490367152054992913
500754975740133376&$,|490367152054992913
501009524346585119&$,|490367152054992913
501024195334111242&$,|490367152054992913
501228540436545571&$,|490367152054992913
502718139667185674&$,|490367152054992913
503590203370373121&$,|490367152054992913
503690377057009664&$,|490367152054992913
504699956272300043&$,|490367152054992913
506381994750640159&$,|490367152054992913
507486751498174464&$,|490367152054992913
507604115136970762&$,|490367152054992913
507750706992775199&$,|490367152054992913
507907745232715776&$,|490367152054992913
508215099056455705&$,|490367152054992913
508268191609257995&$,|490367152054992913
508820129157480459&$,|490367152054992913
509041919100321793&$,|490367152054992913
509134586337427466&$,|490367152054992913
510067473442144256&$,|490367152054992913
510792389992906754&$,|490367152054992913
511506816333774863&$,|490367152054992913
512311057046437888&$,|490367152054992913
512614449534992384&$,|490367152054992913
513157980946956298&$,|490367152054992913
513333758259232778&$,|490367152054992913
513348045107363844&$,|490367152054992913
513979722435264512&$,|490367152054992913
514281165864173578&$,|490367152054992913
514524967656751120&$,|490367152054992913
515457262324547615&$,|490367152054992913
516043679035817992&$,|490367152054992913
517002809980485632&$,|490367152054992913
517059123351650373&$,|490367152054992913
517197426113773608&$,|490367152054992913
517607372487917574&$,|490367152054992913
518308436769898512&$,|490367152054992913
518816482898083852&$,|490367152054992913
518874490168672266&$,|490367152054992913
519314093921009675&$,|490367152054992913
519872438150889492&$,|490367152054992913
520169106637586432&$,|490367152054992913
520370045063397386&$,|490367152054992913
520637142624632832&$,|490367152054992913
521134261978267658&$,|490367152054992913
521386238880514050&$,|490367152054992913
521702652640362525&$,|490367152054992913
521742739121897474&$,|490367152054992913
522434397882941483&$,|490367152054992913
523236031277957121&$,|490367152054992913
523563105217937421&$,|490367152054992913
523833542829146122&$,|490367152054992913
524707146835820565&$,|490367152054992913
525190857704341505&$,|490367152054992913
525923611911913485&$,|490367152054992913
526476497901322241&$,|490367152054992913
526576515207397378&$,|490367152054992913
526752265915203603&$,|490367152054992913
528323841207042049&$,|490367152054992913
530349403962081303&$,|490367152054992913
530808977794007051&$,|490367152054992913
530878107486388235&$,|490367152054992913
531126126072954901&$,|490367152054992913
531170604578242560&$,|490367152054992913
531373377642823680&$,|490367152054992913
531741553987944469&$,|490367152054992913
531781824800882689&$,|490367152054992913
531950070770303007&$,|490367152054992913
532110308626661386&$,|490367152054992913
532859523505979405&$,|490367152054992913
533023164025012254&$,|490367152054992913
533355122340659200&$,|490367152054992913
533902032998891520&$,|490367152054992913
535593093378867240&$,|490367152054992913
535840199629078587&$,|490367152054992913
537144042060906497&$,|490367152054992913
537209036492505110&$,|490367152054992913
537489513228926977&$,|490367152054992913
538085865784868895&$,|490367152054992913
538563262355210252&$,|490367152054992913
538879622767706122&$,|490367152054992913
540139343826911232&$,|490367152054992913
542418538783047681&$,|490367152054992913
542737604307845121&$,|490367152054992913
542747864120426496&$,|490367152054992913
543269351151894531&$,|490367152054992913
543524561933565952&$,|490367152054992913
543680358630293505&$,|490367152054992913
544724647837564941&$,|490367152054992913
544916324661592085&$,|490367152054992913
545032582321012736&$,|490367152054992913
545420341045100544&$,|490367152054992913
546049442265169942&$,|490367152054992913
546100746546970634&$,|490367152054992913
547920296003239946&$,|490367152054992913
548474764226854913&$,|490367152054992913
548660317849124871&$,|490367152054992913
549885023940247552&$,|490367152054992913
550275744748797970&$,|490367152054992913
550351884465078293&$,|490367152054992913
551585569470414871&$,|490367152054992913
551794131878412299&$,|490367152054992913
552625456558374925&$,|490367152054992913
554381034918117403&$,|490367152054992913
555642331072692235&$,|490367152054992913
557265525563064351&$,|490367152054992913
557612948198129685&$,|490367152054992913
559251566046085162&$,|490367152054992913
559570607214297121&$,|490367152054992913
560198906894352404&$,|490367152054992913
560681927183433780&$,|490367152054992913
560807297060700162&$,|490367152054992913
561522437636751370&$,|490367152054992913
561664160182566923&$,|490367152054992913
561794511005548545&$,|490367152054992913
561986869479342096&$,|490367152054992913
562283250371002380&$,|490367152054992913
563012170821140491&$,|490367152054992913
563343328658325504&$,|490367152054992913
563705222875316246&$,|490367152054992913
564630042693599276&$,|490367152054992913
565385504900513793&$,|490367152054992913
565635767020421132&$,|490367152054992913
566078251504500746&$,|490367152054992913
566718186242703361&$,|490367152054992913
566829067303780363&$,|490367152054992913
567110697411149844&$,|490367152054992913
567269247353356288&$,|490367152054992913
567465402716913664&$,|490367152054992913
567655603745456128&$,|490367152054992913
567667293287350302&$,|490367152054992913
567704823844175873&$,|490367152054992913
568946095913304113&$,|490367152054992913
569027665630330900&$,|490367152054992913
570269478072352769&$,|490367152054992913
570293701763661824&$,|490367152054992913
572215216712974346&$,|490367152054992913
572992581030641665&$,|490367152054992913
573753848360075274&$,|490367152054992913
573940636202303498&$,|490367152054992913
574173935407726593&$,|490367152054992913
574364010636378132&$,|490367152054992913
574733254167625768&$,|490367152054992913
574811455132663830&$,|490367152054992913
574976347412365312&$,|490367152054992913
576030621797711902&$,|490367152054992913
576378131347406848&$,|490367152054992913
578578315057692674&$,|490367152054992913
578664207252324358&$,|490367152054992913
578795886164049930&$,|490367152054992913
579145345406074883&$,|490367152054992913
580533178129842212&$,|490367152054992913
580781874289573935&$,|490367152054992913
581441378991603714&$,|490367152054992913
583669853278175242&$,|490367152054992913
584788446443208704&$,|490367152054992913
584976469168488449&$,|490367152054992913
585688526356480001&$,|490367152054992913
585885762562686976&$,|490367152054992913
588078706635833572&$,|490367152054992913
589753419972214795&$,|490367152054992913
590459958144008212&$,|490367152054992913
590849640518385673&$,|490367152054992913
591566324405108739&$,|490367152054992913
591604424762327041&$,|490367152054992913
591740604028026901&$,|490367152054992913
592851652495671319&$,|490367152054992913
592853901968015473&$,|490367152054992913
593608737697300480&$,|490367152054992913
593764189416325131&$,|490367152054992913
594141299905527827&$,|490367152054992913
595298370638184460&$,|490367152054992913
595500594324832258&$,|490367152054992913
596946218983227393&$,|490367152054992913
597586584761663498&$,|490367152054992913
598225473981644811&$,|490367152054992913
598262235269300246&$,|490367152054992913
601066195675774988&$,|490367152054992913
601345266750324737&$,|490367152054992913
601434152025456641&$,|490367152054992913
601511725082345500&$,|490367152054992913
602180011512037397&$,|490367152054992913
602200252216508453&$,|490367152054992913
602866759233568778&$,|490367152054992913
602973485320503346&$,|490367152054992913
603109646621999130&$,|490367152054992913
604215025908842507&$,|490367152054992913
604317915017117696&$,|490367152054992913
604874083141681162&$,|490367152054992913
605468990206377994&$,|490367152054992913
605537864406532106&$,|490367152054992913
606250900385955841&$,|490367152054992913
606378057762209793&$,|490367152054992913
606491742929420289&$,|490367152054992913
606574975008374805&$,|490367152054992913
606706391809392650&$,|490367152054992913
607248758790422538&$,|490367152054992913
608735390945509407&$,|490367152054992913
610623856989700128&$,|490367152054992913
610637719596564521&$,|490367152054992913
610805520420306994&$,|490367152054992913
611065205320974367&$,|490367152054992913
613054002778865675&$,|490367152054992913
613084204489769013&$,|490367152054992913
613702690312159252&$,|490367152054992913
614018066803851264&$,|490367152054992913
614078543906734090&$,|490367152054992913
614115598863040512&$,|490367152054992913
614117819919106055&$,|490367152054992913
614457715070074890&$,|490367152054992913
614677691043545108&$,|490367152054992913
615281659012710421&$,|490367152054992913
616275622968426509&$,|490367152054992913
616924366059470858&$,|490367152054992913
616926004627111938&$,|490367152054992913
617485603872702672&$,|490367152054992913
617486639807201317&$,|490367152054992913
618092115255230464&$,|490367152054992913
619183023077720084&$,|490367152054992913
619224592887578624&$,|490367152054992913
619628105585393686&$,|490367152054992913
620911722248667148&$,|490367152054992913
622134248450686976&$,|490367152054992913
623308854054223903&$,|490367152054992913
623320540693921810&$,|490367152054992913
623781716187938816&$,|490367152054992913
623791818093494272&$,|490367152054992913
623917508205871104&$,|490367152054992913
623963582094114819&$,|490367152054992913
624293578205560842&$,|490367152054992913
624943908949983242&$,|490367152054992913
625031624689713162&$,|490367152054992913
627891222081699840&$,|490367152054992913
629386590241816596&$,|490367152054992913
630089517772046368&$,|490367152054992913
632071193410797568&$,|490367152054992913
632538992172204044&$,|490367152054992913
633016166838829066&$,|490367152054992913
636092861863034890&$,|490367152054992913
638322353553801229&$,|490367152054992913
638499777499234305&$,|490367152054992913
639172986926268417&$,|490367152054992913
639777281832910858&$,|490367152054992913
640250599908179979&$,|490367152054992913
640768808621178951&$,|490367152054992913
641185013395619860&$,|490367152054992913
641269872403152927&$,|490367152054992913
642031079363969026&$,|490367152054992913
642235085231489035&$,|490367152054992913
643589788858843153&$,|490367152054992913
644598848160792626&$,|490367152054992913
644764979551141898&$,|490367152054992913
645663355587264543&$,|490367152054992913
645759614771789856&$,|490367152054992913
646729026769125398&$,|490367152054992913
647593059587981322&$,|490367152054992913
647912299444699136&$,|490367152054992913
648736797119086620&$,|490367152054992913
649696916875116585&$,|490367152054992913
649979184025960449&$,|490367152054992913
650426851990306870&$,|490367152054992913
650978983864827952&$,|490367152054992913
651103232155713582&$,|490367152054992913
652573044375552024&$,|490367152054992913
652580929381859329&$,|490367152054992913
652581782981443586&$,|490367152054992913
653519450397474846&$,|490367152054992913
654340035885137951&$,|490367152054992913
654387417691848704&$,|490367152054992913
654468953728352267&$,|490367152054992913
654648473056182282&$,|490367152054992913
655418909855318017&$,|490367152054992913
656090936270651403&$,|490367152054992913
656499725721403398&$,|490367152054992913
656543429718704128&$,|490367152054992913
657278879488147517&$,|490367152054992913
658302060973785110&$,|490367152054992913
662776231359676438&$,|490367152054992913
663322857270673419&$,|490367152054992913
663877129280421888&$,|490367152054992913
665022065799069698&$,|490367152054992913
665418346430201870&$,|490367152054992913
665813882236829715&$,|490367152054992913
665889549188333628&$,|490367152054992913
666388945415831582&$,|490367152054992913
667387455116148766&$,|490367152054992913
667722768728719371&$,|490367152054992913
668186309071863818&$,|490367152054992913
668554310942195723&$,|490367152054992913
669132012329762836&$,|490367152054992913
669401482713497600&$,|490367152054992913
669426388524072961&$,|490367152054992913
671660749604519936&$,|490367152054992913
673526781357195315&$,|490367152054992913
673548071279394839&$,|490367152054992913
673915284431831060&$,|490367152054992913
674131151375302656&$,|490367152054992913
674552984469897219&$,|490367152054992913
674568043921145866&$,|490367152054992913
675711014809108480&$,|490367152054992913
676056394146775050&$,|490367152054992913
676071933044981761&$,|490367152054992913
676085435553808426&$,|490367152054992913
676175540587069467&$,|490367152054992913
676447398360252466&$,|490367152054992913
676964314443284480&$,|490367152054992913
677006926977957919&$,|490367152054992913
677031477728247809&$,|490367152054992913
677907966619287571&$,|490367152054992913
678355307919048754&$,|490367152054992913
678389839577612331&$,|490367152054992913
679936424971468859&$,|490367152054992913
680330410231988323&$,|490367152054992913
682429946517651477&$,|490367152054992913
683931150397341751&$,|490367152054992913
687316047409446938&$,|490367152054992913
687965273403162638&$,|490367152054992913
689073908187791382&$,|490367152054992913
689273801891905581&$,|490367152054992913
689811088899964973&$,|490367152054992913
689937087075450928&$,|490367152054992913
690257335599628309&$,|490367152054992913
690650043895775262&$,|490367152054992913
690658449566072863&$,|490367152054992913
691073287081426984&$,|490367152054992913
691082062865891428&$,|490367152054992913
691658774217359422&$,|490367152054992913
691831149609091093&$,|490367152054992913
692070491065810944&$,|490367152054992913
692265621781741588&$,|490367152054992913
692759578869497897&$,|490367152054992913
692817791606063154&$,|490367152054992913
694502504800452618&$,|490367152054992913
694648599841341511&$,|490367152054992913
694731361713651794&$,|490367152054992913
694842587135213659&$,|490367152054992913
694955731581010020&$,|490367152054992913
695267877326159933&$,|490367152054992913
696161033491841064&$,|490367152054992913
696308211346833449&$,|490367152054992913
696950239608832030&$,|490367152054992913
697180474606485587&$,|490367152054992913
697708435231342634&$,|490367152054992913
697910785342701608&$,|490367152054992913
698481968547102721&$,|490367152054992913
698790330849427528&$,|490367152054992913
699548837702008844&$,|490367152054992913
699593152121667674&$,|490367152054992913
699812321958297730&$,|490367152054992913
700177326830518332&$,|490367152054992913
700807147239505991&$,|490367152054992913
701510624458309665&$,|490367152054992913
702394354026676264&$,|490367152054992913
703952593709301780&$,|490367152054992913
704124314802323476&$,|490367152054992913
704406425987711468&$,|490367152054992913
704521096837464076&$,|490367152054992913
704658689302462605&$,|490367152054992913
705087660590497852&$,|490367152054992913
705128665255772260&$,|490367152054992913
705737151157108738&$,|490367152054992913
706249924135616533&$,|490367152054992913
706974749321855089&$,|490367152054992913
707126742233514055&$,|490367152054992913
707378643021594635&$,|490367152054992913
707907411020873768&$,|490367152054992913
707941673644064813&$,|490367152054992913
707965467607695441&$,|490367152054992913
708348711054344334&$,|490367152054992913
708380696196153466&$,|490367152054992913
709004573267722342&$,|490367152054992913
709073561242828820&$,|490367152054992913
709295422707073025&$,|490367152054992913
709607913722740798&$,|490367152054992913
709830936380047430&$,|490367152054992913
710028878009335808&$,|490367152054992913
710448758042787860&$,|490367152054992913
710489777606098964&$,|490367152054992913
711131938815213568&$,|490367152054992913
711418068118667325&$,|490367152054992913
711961772927746109&$,|490367152054992913
712707664593027242&$,|490367152054992913
712789821818404914&$,|490367152054992913
712935753319055360&$,|490367152054992913
713079875711402134&$,|490367152054992913
713345118790221834&$,|490367152054992913
713499039408193597&$,|490367152054992913
713648539317829673&$,|490367152054992913
714145836434587690&$,|490367152054992913
714191979151491083&$,|490367152054992913
714441241659703297&$,|490367152054992913
714459969847689288&$,|490367152054992913
715771710170857472&$,|490367152054992913
716153725034692610&$,|490367152054992913
716387471394471937&$,|490367152054992913
717200282391543868&$,|490367152054992913
717383984958668843&$,|490367152054992913
717430147476619359&$,|490367152054992913
717438383831384144&$,|490367152054992913
717642145837744218&$,|490367152054992913
717895142081560638&$,|490367152054992913
717901031643676685&$,|490367152054992913
718013795330424884&$,|490367152054992913
718157554848366612&$,|490367152054992913
718514197910257716&$,|490367152054992913
718527666512330834&$,|490367152054992913
718634133227831307&$,|490367152054992913
719004531220021268&$,|490367152054992913
719914097105436743&$,|490367152054992913
719939979798773841&$,|490367152054992913
720198792590131271&$,|490367152054992913
720642531695788092&$,|490367152054992913
722746437783388220&$,|490367152054992913
723441664945029161&$,|490367152054992913
723524770280374325&$,|490367152054992913
724534970605109330&$,|490367152054992913
724645766253117533&$,|490367152054992913
725311529272082472&$,|490367152054992913
727788003602464790&$,|490367152054992913
728730161050026074&$,|490367152054992913
729309933459472384&$,|490367152054992913
729706571470340117&$,|490367152054992913
730048445494329365&$,|490367152054992913
730060966292619335&$,|490367152054992913
730149176788385853&$,|490367152054992913
730177279593807912&$,|490367152054992913
731135854717960252&$,|490367152054992913
731429096013168642&$,|490367152054992913
731935061091549337&$,|490367152054992913
732249144776720384&$,|490367152054992913
732486252711903262&$,|490367152054992913
732969867623268444&$,|490367152054992913
733619786650746880&$,|490367152054992913
733622917346230295&$,|490367152054992913
733871777062715396&$,|490367152054992913
734903193154224268&$,|490367152054992913
735008984116887553&$,|490367152054992913
735314471328808960&$,|490367152054992913
735321700681646094&$,|490367152054992913
735758862765785129&$,|490367152054992913
736460145982177301&$,|490367152054992913
737001342349869068&$,|490367152054992913
737165970464047126&$,|490367152054992913
737863221414985851&$,|490367152054992913
737918062245707839&$,|490367152054992913
738665521511399435&$,|490367152054992913
739059624501837885&$,|490367152054992913
739068497375526923&$,|490367152054992913
739159333820170262&$,|490367152054992913
739166201460162570&$,|490367152054992913
739485968268001361&$,|490367152054992913
739625249989197905&$,|490367152054992913
740067760541007894&$,|490367152054992913
740778715973419040&$,|490367152054992913
740862835730546748&$,|490367152054992913
740993382549159986&$,|490367152054992913
741041663425904712&$,|490367152054992913
742751389612245074&$,|490367152054992913
743130416801775687&$,|490367152054992913
743249662542348340&$,|490367152054992913
743513576769323102&$,|490367152054992913
744032708749164576&$,|490367152054992913
744216689876664330&$,|490367152054992913
744863505324179526&$,|490367152054992913
745133663230099496&$,|490367152054992913
745368393376465006&$,|490367152054992913
745877377636106270&$,|490367152054992913
745964467287883837&$,|490367152054992913
746184778457415800&$,|490367152054992913
746713227815026774&$,|490367152054992913
746739970319843398&$,|490367152054992913
747884095744245867&$,|490367152054992913
748378126005960754&$,|490367152054992913
748836301481967658&$,|490367152054992913
748953493225734225&$,|490367152054992913
749429138603114667&$,|490367152054992913
750185638862782636&$,|490367152054992913
750248376301518899&$,|490367152054992913
751732978853478422&$,|490367152054992913
751991998210113617&$,|490367152054992913
752101617297522708&$,|490367152054992913
752225138099093515&$,|490367152054992913
752226661549867169&$,|490367152054992913
752372340557348925&$,|490367152054992913
752529529917931590&$,|490367152054992913
752747796666515478&$,|490367152054992913
753127877914132481&$,|490367152054992913
753464979369361448&$,|490367152054992913
753606319457435659&$,|490367152054992913
753940251851882527&$,|490367152054992913
754025477446041600&$,|490367152054992913
754525225936355339&$,|490367152054992913
754710865902698576&$,|490367152054992913
754904375553425529&$,|490367152054992913
755023333258690580&$,|490367152054992913
755078795765219428&$,|490367152054992913
755086110723408030&$,|490367152054992913
755109290640932884&$,|490367152054992913
755299870453006406&$,|490367152054992913
755358436165681173&$,|490367152054992913
755398352065003542&$,|490367152054992913
755672802916433921&$,|490367152054992913
756169998849933332&$,|490367152054992913
756477434190364743&$,|490367152054992913
756513253269569596&$,|490367152054992913
758022438633341008&$,|490367152054992913
758213669640208384&$,|490367152054992913
758241023440453634&$,|490367152054992913
758580757412446228&$,|490367152054992913
758704569001443408&$,|490367152054992913
759757186468937778&$,|490367152054992913
759873914825605189&$,|490367152054992913
759983845415190528&$,|490367152054992913
760247660962643969&$,|490367152054992913
760872328954511402&$,|490367152054992913
761382459379417098&$,|490367152054992913
761424004455727154&$,|490367152054992913
761596300591497216&$,|490367152054992913
761965480478638090&$,|490367152054992913
762171414924099624&$,|490367152054992913
762238197492613151&$,|490367152054992913
762943500089032736&$,|490367152054992913
763222598506381333&$,|490367152054992913
764037835098685450&$,|490367152054992913
764233867955273769&$,|490367152054992913
764597054961877002&$,|490367152054992913
765194964153270283&$,|490367152054992913
765932928663552060&$,|490367152054992913
766237422962212874&$,|490367152054992913
766652336130621470&$,|490367152054992913
767415226730938399&$,|490367152054992913
767676361808281621&$,|490367152054992913
767740337439375390&$,|490367152054992913
767788889921421352&$,|490367152054992913
767832753793269830&$,|490367152054992913
767969172583088150&$,|490367152054992913
768296748878790676&$,|490367152054992913
768921385371828227&$,|490367152054992913
769177268366737480&$,|490367152054992913
769562241417609217&$,|490367152054992913
769745936427253820&$,|490367152054992913
770679610433470484&$,|490367152054992913
772492219063861272&$,|490367152054992913
772839226177224714&$,|490367152054992913
773215876173660180&$,|490367152054992913
775388840302739496&$,|490367152054992913
776507032840568853&$,|490367152054992913
776804664117035048&$,|490367152054992913
777993664763920400&$,|490367152054992913
778047400933326919&$,|490367152054992913
778066905587777588&$,|490367152054992913
779348685980696578&$,|490367152054992913
779511607172530196&$,|490367152054992913
780510515134726227&$,|490367152054992913
780803362870132826&$,|490367152054992913
781089221959483415&$,|490367152054992913
781453434918010940&$,|490367152054992913
781496660965457930&$,|490367152054992913
781596467323863060&$,|490367152054992913
782979588896325662&$,|490367152054992913
783093742433075241&$,|490367152054992913
783406872900272179&$,|490367152054992913
783653909607481344&$,|490367152054992913
783718152172863589&$,|490367152054992913
783935053029572618&$,|490367152054992913
784511583593562144&$,|490367152054992913
785512871281950800&$,|490367152054992913
786769590293233695&$,|490367152054992913
786869553695031318&$,|490367152054992913
787001079949819924&$,|490367152054992913
788043848928067604&$,|490367152054992913
788159419577401415&$,|490367152054992913
788507375584673843&$,|490367152054992913
788796659525746689&$,|490367152054992913
788884000881377300&$,|490367152054992913
789531906990407731&$,|490367152054992913
789632531196149790&$,|490367152054992913
789688285211263006&$,|490367152054992913
789725941474525195&$,|490367152054992913
789893696627671050&$,|490367152054992913
791140370016370718&$,|490367152054992913
791677221638635550&$,|490367152054992913
791765298813730836&$,|490367152054992913
792642246394118155&$,|490367152054992913
792687600901029888&$,|490367152054992913
792876184600969266&$,|490367152054992913
793009052879028254&$,|490367152054992913
793583048809119774&$,|490367152054992913
793880345841369089&$,|490367152054992913
793961686289219624&$,|490367152054992913
794299292302180433&$,|490367152054992913
794305035516641292&$,|490367152054992913
794320737833582603&$,|490367152054992913
794475311629598740&$,|490367152054992913
794641297977507861&$,|490367152054992913
794719216548315197&$,|490367152054992913
794804429962084373&$,|490367152054992913
795068308676018188&$,|490367152054992913
796180621814267904&$,|490367152054992913
796275327881314316&$,|490367152054992913
796355190004383765&$,|490367152054992913
797189566023991330&$,|490367152054992913
797324148585922560&$,|490367152054992913
797409408485163028&$,|490367152054992913
798023496369963038&$,|490367152054992913
798194986834591755&$,|490367152054992913
798763652501078026&$,|490367152054992913
798812797210460192&$,|490367152054992913
798938643133104138&$,|490367152054992913
799382377997795398&$,|490367152054992913
799644520760213556&$,|490367152054992913
799666452247871548&$,|490367152054992913
799709190901858325&$,|490367152054992913
800183537528471602&$,|490367152054992913
800576170114285582&$,|490367152054992913
800770428623650858&$,|490367152054992913
801707690131980348&$,|490367152054992913
801987904834371604&$,|490367152054992913
802045689054887998&$,|490367152054992913
802463328013516821&$,|490367152054992913
802903985471619103&$,|490367152054992913
803068016941596684&$,|490367152054992913
803296477585473546&$,|490367152054992913
803541644569214996&$,|490367152054992913
804036683892391996&$,|490367152054992913
804359785386213456&$,|490367152054992913
804456042133323827&$,|490367152054992913
804662330113392692&$,|490367152054992913
804763672198250558&$,|490367152054992913
804927303598866454&$,|490367152054992913
805566606582218752&$,|490367152054992913
806148389423022110&$,|490367152054992913
806184543861604352&$,|490367152054992913
806419545644204032&$,|490367152054992913
806500980480802866&$,|490367152054992913
806625616350806046&$,|490367152054992913
806719706626916412&$,|490367152054992913
807186499413082132&$,|490367152054992913
807291434104651838&$,|490367152054992913
807543927908335617&$,|490367152054992913
807697984770146334&$,|490367152054992913
808637101599227954&$,|490367152054992913
808671023276883998&$,|490367152054992913
808950447893118978&$,|490367152054992913
808955866254147634&$,|490367152054992913
809521643285381130&$,|490367152054992913
810125314813722655&$,|490367152054992913
810670311451918356&$,|490367152054992913
810776536415862784&$,|490367152054992913
810803819012161567&$,|490367152054992913
810940708461871105&$,|490367152054992913
811044158742593537&$,|490367152054992913
811445695873417256&$,|490367152054992913
811689409090420776&$,|490367152054992913
811884722962956320&$,|490367152054992913
812059691923275797&$,|490367152054992913
812210128233168927&$,|490367152054992913
812234039259824149&$,|490367152054992913
812342148983816222&$,|490367152054992913
812400430444445697&$,|490367152054992913
812449320107507744&$,|490367152054992913
812582302974607371&$,|490367152054992913
812950511790850048&$,|490367152054992913
813092198026969088&$,|490367152054992913
813947661173522452&$,|490367152054992913
814940174088798300&$,|490367152054992913
815098612140212234&$,|490367152054992913
815182816962805760&$,|490367152054992913
815211445406531586&$,|490367152054992913
815309824949616732&$,|490367152054992913
815516521437593600&$,|490367152054992913
815726746690650143&$,|490367152054992913
815898311273873460&$,|490367152054992913
815931665507549194&$,|490367152054992913
816041955984932875&$,|490367152054992913
817072946127962114&$,|490367152054992913
817503509612068904&$,|490367152054992913
817511404147048448&$,|490367152054992913
818256600728993812&$,|490367152054992913
818662332531081267&$,|490367152054992913
818755010438758401&$,|490367152054992913
819036031722586152&$,|490367152054992913
819296078247624774&$,|490367152054992913
819729898158424085&$,|490367152054992913
819737089846673408&$,|490367152054992913
820168604733276210&$,|490367152054992913
820353805270777887&$,|490367152054992913
820508560270164008&$,|490367152054992913
820579855396634656&$,|490367152054992913
820650234160873482&$,|490367152054992913
820728373810561064&$,|490367152054992913
820988465541939265&$,|490367152054992913
821140653957185566&$,|490367152054992913
821546535808401428&$,|490367152054992913
821891817112600576&$,|490367152054992913
822052486075777044&$,|490367152054992913
822403297448558592&$,|490367152054992913
822523535251341343&$,|490367152054992913
822609278383685644&$,|490367152054992913
822682563189276683&$,|490367152054992913
822795280419782688&$,|490367152054992913
823309980878110720&$,|490367152054992913
823571567057305651&$,|490367152054992913
823698076622913579&$,|490367152054992913
823768869432721418&$,|490367152054992913
823867497764880435&$,|490367152054992913
823871635785908224&$,|490367152054992913
823898236099887154&$,|490367152054992913
823971015846527006&$,|490367152054992913
823982016167936000&$,|490367152054992913
824213603384426496&$,|490367152054992913
824220636943089664&$,|490367152054992913
824362794161274920&$,|490367152054992913
824508084076281897&$,|490367152054992913
824603140506648607&$,|490367152054992913
824821349138169876&$,|490367152054992913
824918208422084639&$,|490367152054992913
824981749099397153&$,|490367152054992913
825131272484552744&$,|490367152054992913
825165664863649823&$,|490367152054992913
825239208746024970&$,|490367152054992913
825403087618834474&$,|490367152054992913
825578229305180160&$,|490367152054992913
825873283793813534&$,|490367152054992913
826419176938799176&$,|490367152054992913
826778310565822496&$,|490367152054992913
826910876632219698&$,|490367152054992913
827020927840681994&$,|490367152054992913
827218914701213777&$,|490367152054992913
827470748327084053&$,|490367152054992913
827486508817580053&$,|490367152054992913
827517711369371688&$,|490367152054992913
827904115081740308&$,|490367152054992913
828360788074299512&$,|490367152054992913
828613063212793856&$,|490367152054992913
828679852822888481&$,|490367152054992913
828688995771744306&$,|490367152054992913
829371041036894319&$,|490367152054992913
829838280480653423&$,|490367152054992913
830092386742435881&$,|490367152054992913
830173160707325972&$,|490367152054992913
830421175775395871&$,|490367152054992913
830718971845804072&$,|490367152054992913
830733244214935562&$,|490367152054992913
830927007944671262&$,|490367152054992913
830948145780752405&$,|490367152054992913
830985766549192755&$,|490367152054992913
831507447922950144&$,|490367152054992913
831760180085653545&$,|490367152054992913
831761502465032213&$,|490367152054992913
831807834509279272&$,|490367152054992913
832003502154186756&$,|490367152054992913
832111183141797888&$,|490367152054992913
832143017330212915&$,|490367152054992913
832298624540868638&$,|490367152054992913
832351875029401600&$,|490367152054992913
832595913126051850&$,|490367152054992913
832642450249351230&$,|490367152054992913
832663576325128282&$,|490367152054992913
832730746258718741&$,|490367152054992913
832849852974104616&$,|490367152054992913
833588494525923340&$,|490367152054992913
833935014319226880&$,|490367152054992913
833982664818032661&$,|490367152054992913
833990373113987092&$,|490367152054992913
834586505548267601&$,|490367152054992913
834913821603790848&$,|490367152054992913
835197193908518922&$,|490367152054992913
835853132066979880&$,|490367152054992913
835887899160477696&$,|490367152054992913
835971381870854194&$,|490367152054992913
836079865195003945&$,|490367152054992913
836098376323301386&$,|490367152054992913
836174745288310845&$,|490367152054992913
836201911748263950&$,|490367152054992913
836299778173566997&$,|490367152054992913
836316908579061790&$,|490367152054992913
836731894497804358&$,|490367152054992913
836960779298144316&$,|490367152054992913
837415607275356270&$,|490367152054992913
837429788011790336&$,|490367152054992913
837445836202967091&$,|490367152054992913
837994421009514498&$,|490367152054992913
838502008599871508&$,|490367152054992913
838839400988409857&$,|490367152054992913
839002855896907787&$,|490367152054992913
839062177633533992&$,|490367152054992913
839237637809242164&$,|490367152054992913
839253380760076328&$,|490367152054992913
839339429437112393&$,|490367152054992913
839547789968932904&$,|490367152054992913
839764014866104382&$,|490367152054992913
839940533987311636&$,|490367152054992913
840191778858598400&$,|490367152054992913
840310329631047731&$,|490367152054992913
841374459915010079&$,|490367152054992913
841408348565143563&$,|490367152054992913
841743585270431794&$,|490367152054992913
842004551758381076&$,|490367152054992913
842292121872367646&$,|490367152054992913
842295847681392652&$,|490367152054992913
842355856724197416&$,|490367152054992913
842750847556780103&$,|490367152054992913
842957040628269056&$,|490367152054992913
842967629261963314&$,|490367152054992913
842970427306541077&$,|490367152054992913
843217794039939112&$,|490367152054992913
843669612197183489&$,|490367152054992913
843915901009920000&$,|490367152054992913
844165029934530570&$,|490367152054992913
844320655482028043&$,|490367152054992913
844440993083424778&$,|490367152054992913
844459013672665099&$,|490367152054992913
844583025680973864&$,|490367152054992913
844604810065346600&$,|490367152054992913
844931633643651092&$,|490367152054992913
845297449832415252&$,|490367152054992913
845688382448599130&$,|490367152054992913
846231727218098177&$,|490367152054992913
846581389092323363&$,|490367152054992913
846807820556173342&$,|490367152054992913
847221227861180446&$,|490367152054992913
847839053167984651&$,|490367152054992913
848310190850834502&$,|490367152054992913
848942444372164648&$,|490367152054992913
848948013828145163&$,|490367152054992913
849545508640260117&$,|490367152054992913
849641704218296340&$,|490367152054992913
849694205286023228&$,|490367152054992913
850238468969988117&$,|490367152054992913
850358160052715542&$,|490367152054992913
850369497444646942&$,|490367152054992913
850371564696371210&$,|490367152054992913
851310135732338698&$,|490367152054992913
851484947922288660&$,|490367152054992913
851485267793543218&$,|490367152054992913
851692995959062578&$,|490367152054992913
851819157308571718&$,|490367152054992913
851969606741786645&$,|490367152054992913
852092200262041600&$,|490367152054992913
852569995841896469&$,|490367152054992913
852768955089158154&$,|490367152054992913
852896367675703317&$,|490367152054992913
853544318111318026&$,|490367152054992913
853827107205414933&$,|490367152054992913
854176014015922216&$,|490367152054992913
854640868697702411&$,|490367152054992913
854829461723414528&$,|490367152054992913
855017719656087563&$,|490367152054992913
855077320758394880&$,|490367152054992913
855398410713432074&$,|490367152054992913
855726699949195264&$,|490367152054992913
855838582529589278&$,|490367152054992913
856229009251369000&$,|490367152054992913
856306994918981634&$,|490367152054992913
856443633406705666&$,|490367152054992913
856851495692533780&$,|490367152054992913
856894333180706876&$,|490367152054992913
856936061916938280&$,|490367152054992913
857241143531274251&$,|490367152054992913
857516923684126750&$,|490367152054992913
857698016965034014&$,|490367152054992913
858779866428866591&$,|490367152054992913
859100972880756737&$,|490367152054992913
859129421911031838&$,|490367152054992913
859351487821774869&$,|490367152054992913
859728016425746432&$,|490367152054992913
860906998643163176&$,|490367152054992913
861827522323939378&$,|490367152054992913
862060632270831638&$,|490367152054992913
862264862099767326&$,|490367152054992913
862729320135786496&$,|490367152054992913
863319472555163678&$,|490367152054992913
863414688065519616&$,|490367152054992913
863416849546215444&$,|490367152054992913
863874405581717566&$,|490367152054992913
864049940014301185&$,|490367152054992913
864075865922076672&$,|490367152054992913
864113494681190410&$,|490367152054992913
864198044760408085&$,|490367152054992913
864277790634803250&$,|490367152054992913
865132907466326028&$,|490367152054992913
866426835609190401&$,|490367152054992913
866645251342467112&$,|490367152054992913
866884615133462549&$,|490367152054992913
868026735646621726&$,|490367152054992913
869410895586013215&$,|490367152054992913
869551934921666590&$,|490367152054992913
869620552262885427&$,|490367152054992913
869904323293876234&$,|490367152054992913
869951032229232681&$,|490367152054992913
869987260697833502&$,|490367152054992913
869987845446729738&$,|490367152054992913
870134395397365811&$,|490367152054992913
870167325402357810&$,|490367152054992913
870355291512930344&$,|490367152054992913
870498332785672212&$,|490367152054992913
870719909011800094&$,|490367152054992913
870747485730115644&$,|490367152054992913
871004653679169567&$,|490367152054992913
871056093000892436&$,|490367152054992913
871228936267391007&$,|490367152054992913
871393429609910292&$,|490367152054992913
871609605766135808&$,|490367152054992913
871686713716670484&$,|490367152054992913
871758833716957189&$,|490367152054992913
871761536887185529&$,|490367152054992913
872088707602219078&$,|490367152054992913
872183569710207016&$,|490367152054992913
872329212047007764&$,|490367152054992913
872840788659286066&$,|490367152054992913
872890723949772881&$,|490367152054992913
873392964402020414&$,|490367152054992913
873444584338886696&$,|490367152054992913
873670201076506695&$,|490367152054992913
873680844093546576&$,|490367152054992913
873937337233580092&$,|490367152054992913
874220863556317195&$,|490367152054992913
874329076196868106&$,|490367152054992913
874801391007309924&$,|490367152054992913
874962963587555368&$,|490367152054992913
875035967680028705&$,|490367152054992913
875051785650319380&$,|490367152054992913
875207236987809832&$,|490367152054992913
875869559754739712&$,|490367152054992913
876140322386771999&$,|490367152054992913
876241104469643274&$,|490367152054992913
876339010543419432&$,|490367152054992913
876805389495173141&$,|490367152054992913
877181000302596128&$,|490367152054992913
877215635980054548&$,|490367152054992913
877414822352916490&$,|490367152054992913
877914689407954954&$,|490367152054992913
878011625129537566&$,|490367152054992913
878663597536968794&$,|490367152054992913
878795396590211122&$,|490367152054992913
878827589500796978&$,|490367152054992913
878932660213399593&$,|490367152054992913
879312472790679592&$,|490367152054992913
879386840719827014&$,|490367152054992913
879558177119686668&$,|490367152054992913
879585602905976842&$,|490367152054992913
879783469385908274&$,|490367152054992913
879835390251499540&$,|490367152054992913
880082932239302707&$,|490367152054992913
880110628726014053&$,|490367152054992913
880152653106139156&$,|490367152054992913
880730883659816980&$,|490367152054992913
880735966334189630&$,|490367152054992913
880837754999672933&$,|490367152054992913
881872684412198952&$,|490367152054992913
882108225745481809&$,|490367152054992913
882636363609038939&$,|490367152054992913
882702998017568819&$,|490367152054992913
882706231750447205&$,|490367152054992913
882990645877284894&$,|490367152054992913
883276129627148318&$,|490367152054992913
883646676328402944&$,|490367152054992913
883997301180338186&$,|490367152054992913
884083032758304771&$,|490367152054992913
884522616105349240&$,|490367152054992913
884540899554648155&$,|490367152054992913
885012020758450197&$,|490367152054992913
885571407625482281&$,|490367152054992913
885798988270407721&$,|490367152054992913
886034556430450718&$,|490367152054992913
886040222427672646&$,|490367152054992913
886200293702926346&$,|490367152054992913
886502506081972284&$,|490367152054992913
886522870489030696&$,|490367152054992913
886609046839361557&$,|490367152054992913
886926031435468841&$,|490367152054992913
887097529408299038&$,|490367152054992913
887667509745029140&$,|490367152054992913
887704774043111444&$,|490367152054992913
887789224265388093&$,|490367152054992913
888060688847765524&$,|490367152054992913
888130899630235718&$,|490367152054992913
888776726254059550&$,|490367152054992913
889086272390430760&$,|490367152054992913
889109781338533940&$,|490367152054992913
889196415513952316&$,|490367152054992913
889895090502393947&$,|490367152054992913
889965889527631873&$,|490367152054992913
890325937999212626&$,|490367152054992913
890766680567996479&$,|490367152054992913
891180518031368243&$,|490367152054992913
891361096030646343&$,|490367152054992913
891434355015180318&$,|490367152054992913
891528884149956619&$,|490367152054992913
891690679573561354&$,|490367152054992913
891724390939631676&$,|490367152054992913
891923019264589834&$,|490367152054992913
891949599466590219&$,|490367152054992913
892129014943187035&$,|490367152054992913
892251003418718228&$,|490367152054992913
892523951664795668&$,|490367152054992913
893394466898055278&$,|490367152054992913
893431930694037514&$,|490367152054992913
893496983694757898&$,|490367152054992913
894115306803429486&$,|490367152054992913
894228888069210172&$,|490367152054992913
894825120500166697&$,|490367152054992913
894841563979591681&$,|490367152054992913
894893077817327636&$,|490367152054992913
894896224434552832&$,|490367152054992913
895213139568771072&$,|490367152054992913
895234916323823617&$,|490367152054992913
895486091711365152&$,|490367152054992913
895916078918676481&$,|490367152054992913
895982596872343573&$,|490367152054992913
896014652151042048&$,|490367152054992913
896033250408005662&$,|490367152054992913
896121601739882536&$,|490367152054992913
897099801907331132&$,|490367152054992913
897101572490821684&$,|490367152054992913
897194458171453520&$,|490367152054992913
897576644871610398&$,|490367152054992913
897740782763659297&$,|490367152054992913
897768812940787722&$,|490367152054992913
897848794354429953&$,|490367152054992913
898213319347949628&$,|490367152054992913
899849431875203072&$,|490367152054992913
899956531188105286&$,|490367152054992913
900200475444531310&$,|490367152054992913
900386199745749093&$,|490367152054992913
901016947376939028&$,|490367152054992913
901137496983875684&$,|490367152054992913
901477443318185985&$,|490367152054992913
902066467531534346&$,|490367152054992913
902194079524343899&$,|490367152054992913
902232508953952276&$,|490367152054992913
902523413434884116&$,|490367152054992913
902595383065215078&$,|490367152054992913
902779842808938527&$,|490367152054992913
902910727948492840&$,|490367152054992913
903015700505980980&$,|490367152054992913
903460129507258438&$,|490367152054992913
903939671460028457&$,|490367152054992913
904304362292129852&$,|490367152054992913
904695423204204555&$,|490367152054992913
905097337192452136&$,|490367152054992913
905126541355270244&$,|490367152054992913
905164152551645184&$,|490367152054992913
905726802167742514&$,|490367152054992913
905761389195432018&$,|490367152054992913
905833739786006640&$,|490367152054992913
906137578699391006&$,|490367152054992913
906214357376041000&$,|490367152054992913
906683097670623282&$,|490367152054992913
907079321775112192&$,|490367152054992913
907257064336814091&$,|490367152054992913
907612280898846770&$,|490367152054992913
908313007342383155&$,|490367152054992913
908858477106040892&$,|490367152054992913
909081044391698442&$,|490367152054992913
909735736272633877&$,|490367152054992913
910192312498421782&$,|490367152054992913
910285819628097566&$,|490367152054992913
910436863662256158&$,|490367152054992913
910559622472032296&$,|490367152054992913
910681245275553833&$,|490367152054992913
912143782416375808&$,|490367152054992913
912245331415146567&$,|490367152054992913
912323286438936606&$,|490367152054992913
912400621368406127&$,|490367152054992913
912693539169783898&$,|490367152054992913
912742076255440927&$,|490367152054992913
912772189693018162&$,|490367152054992913
913002473805991987&$,|490367152054992913
913089847135195166&$,|490367152054992913
913368868829941781&$,|490367152054992913
913429182514626600&$,|490367152054992913
913478920106553344&$,|490367152054992913
913831791377399918&$,|490367152054992913
914487695210840124&$,|490367152054992913
914495576756850749&$,|490367152054992913
914932701738467359&$,|490367152054992913
915462608130285598&$,|490367152054992913
915791528260161558&$,|490367152054992913
916222445881552966&$,|490367152054992913
916700693056868432&$,|490367152054992913
916727826210750534&$,|490367152054992913
916952704453058632&$,|490367152054992913
917419161339199539&$,|490367152054992913
917718762868854794&$,|490367152054992913
917922826256781353&$,|490367152054992913
918167005721395202&$,|490367152054992913
918509013027651585&$,|490367152054992913
918791311010717717&$,|490367152054992913
919810295541665802&$,|490367152054992913
921014569340661820&$,|490367152054992913
921194087833546793&$,|490367152054992913
922087398496673873&$,|490367152054992913
922175619071098950&$,|490367152054992913
922263859564269608&$,|490367152054992913
922789233855438918&$,|490367152054992913
922853001335554058&$,|490367152054992913
923112126330064907&$,|490367152054992913
923168912294707210&$,|490367152054992913
923744247214141501&$,|490367152054992913
924302432119422977&$,|490367152054992913
925387701329469470&$,|490367152054992913
925511288904355841&$,|490367152054992913
925516220155969617&$,|490367152054992913
925641624380391465&$,|490367152054992913
926112347951616060&$,|490367152054992913
926331338833936395&$,|490367152054992913
926887617637797918&$,|490367152054992913
927553129367625798&$,|490367152054992913
927870905382744084&$,|490367152054992913
927949838283333632&$,|490367152054992913
928004346866700289&$,|490367152054992913
928074253641854997&$,|490367152054992913
928297816915345438&$,|490367152054992913
928728336832790588&$,|490367152054992913
928985141978755102&$,|490367152054992913
929052194249007224&$,|490367152054992913
929654098247188500&$,|490367152054992913
930088929066119198&$,|490367152054992913
930115090735308890&$,|490367152054992913
930159156458029107&$,|490367152054992913
930358359524249600&$,|490367152054992913
930412215570423811&$,|490367152054992913
930606313354969119&$,|490367152054992913
931007981628325958&$,|490367152054992913
931207847914647622&$,|490367152054992913
931355568076099675&$,|490367152054992913
931586648658030693&$,|490367152054992913
931844292513759253&$,|490367152054992913
932223474645237780&$,|490367152054992913
932684663460356146&$,|490367152054992913
932902483683057684&$,|490367152054992913
932948464462090321&$,|490367152054992913
933377996683874316&$,|490367152054992913
933924846897864725&$,|490367152054992913
934109149833334855&$,|490367152054992913
935012160185180160&$,|490367152054992913
935547669412196493&$,|490367152054992913
935955574665924638&$,|490367152054992913
936174198018162698&$,|490367152054992913
936223826453356566&$,|490367152054992913
937448788648411176&$,|490367152054992913
937513212688105492&$,|490367152054992913
937879641673306112&$,|490367152054992913
938151463216107530&$,|490367152054992913
938307854442561566&$,|490367152054992913
938356270241570856&$,|490367152054992913
938638426998186014&$,|490367152054992913
938658528229462126&$,|490367152054992913
938792695474839582&$,|490367152054992913
939843343876235274&$,|490367152054992913
940179102680383508&$,|490367152054992913
940188828839342090&$,|490367152054992913
940973995619135509&$,|490367152054992913
941104928246595664&$,|490367152054992913
941428017442488371&$,|490367152054992913
941876813574074399&$,|490367152054992913
942138633702502410&$,|490367152054992913
942598891445055509&$,|490367152054992913
942884213013753867&$,|490367152054992913
943197186416599131&$,|490367152054992913
943245697229160528&$,|490367152054992913
944320026700304395&$,|490367152054992913
944665497864142919&$,|490367152054992913
944928718328057886&$,|490367152054992913
944956979187712111&$,|490367152054992913
945377167527792681&$,|490367152054992913
945437826189754389&$,|490367152054992913
946138811648311367&$,|490367152054992913
946272014241509386&$,|490367152054992913
946367915085672458&$,|490367152054992913
946848880526503996&$,|490367152054992913
947531567327227904&$,|490367152054992913
949018564994687106&$,|490367152054992913
950092992126025860&$,|490367152054992913
950565567780229150&$,|490367152054992913
951544855643971644&$,|490367152054992913
951761067455942677&$,|490367152054992913
952286370028724264&$,|490367152054992913
952559175202926613&$,|490367152054992913
952632882562732042&$,|490367152054992913
952752755632640031&$,|490367152054992913
953254616466866206&$,|490367152054992913
953841482803060756&$,|490367152054992913
955723706422919209&$,|490367152054992913
956408353146417152&$,|490367152054992913
956811603964215316&$,|490367152054992913
956920417044553748&$,|490367152054992913
958340854643294259&$,|490367152054992913
959944083764301876&$,|490367152054992913
960488288274243604&$,|490367152054992913
960642015132016660&$,|490367152054992913
961831437261242451&$,|490367152054992913
963416916976861195&$,|490367152054992913
965938426761338910&$,|490367152054992913
967584723507494932&$,|490367152054992913
967682126302548028&$,|490367152054992913
