id&$,|name&$,|nick&$,|contribution_score
60784473402257408&$,|&$,|&$,|
77790543626645504&$,|&$,|&$,|
81408851743612928&$,|&$,|&$,|
83976238552616960&$,|&$,|&$,|
85686484463517696&$,|&$,|&$,|
88709136308514816&$,|&$,|&$,|
95597665001152512&$,|&$,|&$,|
100320678472867840&$,|&$,|&$,|
104558308068704256&$,|&$,|&$,|
105709907789021184&$,|&$,|&$,|
105848539233394688&$,|&$,|&$,|
105891637955153920&$,|&$,|&$,|
106206607259488256&$,|&$,|&$,|
106330015196598272&$,|&$,|&$,|
106749408187518976&$,|&$,|&$,|
108940559615275008&$,|&$,|&$,|
109667794735333376&$,|&$,|&$,|
110084606941745152&$,|&$,|&$,|
110508715278385152&$,|&$,|&$,|
114514394846724100&$,|&$,|&$,|
115774397918347273&$,|&$,|&$,|
117330083651387398&$,|&$,|&$,|
120215867886796813&$,|&$,|&$,|
121694081821704195&$,|&$,|&$,|
125001847726538753&$,|&$,|&$,|
125227954098667520&$,|&$,|&$,|
125713989219909633&$,|&$,|&$,|
126168835819569152&$,|&$,|&$,|
126224401736794123&$,|&$,|&$,|
128586995869024256&$,|&$,|&$,|
128702913022263296&$,|&$,|&$,|
140631519130681344&$,|&$,|&$,|
140869712941809665&$,|&$,|&$,|
141966345255256065&$,|&$,|&$,|
142705318047121409&$,|&$,|&$,|
144505162667524096&$,|&$,|&$,|
146022160564092929&$,|&$,|&$,|
148472230983106560&$,|&$,|&$,|
149990576572334080&$,|&$,|&$,|
152155059960938497&$,|&$,|&$,|
152476348420587520&$,|&$,|&$,|
153422578067832832&$,|&$,|&$,|
153460134364971019&$,|&$,|&$,|
153718711130259457&$,|&$,|&$,|
153749231432105985&$,|&$,|&$,|
158161389473628160&$,|&$,|&$,|
159526522389135361&$,|&$,|&$,|
159985870458322944&$,|&$,|&$,|
160789104777363456&$,|&$,|&$,|
162234033516969985&$,|&$,|&$,|
163167990479585280&$,|&$,|&$,|
164037326006124544&$,|&$,|&$,|
165967472229482498&$,|&$,|&$,|
168838297290801153&$,|&$,|&$,|
169278949476532224&$,|&$,|&$,|
173961955776790528&$,|&$,|&$,|
174118371309256704&$,|&$,|&$,|
174266326544678912&$,|&$,|&$,|
178569722953072642&$,|&$,|&$,|
178840572318973952&$,|&$,|&$,|
179454550409871360&$,|&$,|&$,|
179983857267769344&$,|&$,|&$,|
180483776613187586&$,|&$,|&$,|
181184467640123392&$,|&$,|&$,|
181403719332528128&$,|&$,|&$,|
181530969877118976&$,|&$,|&$,|
182312175304441856&$,|&$,|&$,|
182698223977103360&$,|&$,|&$,|
184508714903011329&$,|&$,|&$,|
185457870114914304&$,|&$,|&$,|
186235437847674880&$,|&$,|&$,|
186364485651398656&$,|&$,|&$,|
186546985245999104&$,|&$,|&$,|
187076806413778944&$,|&$,|&$,|
188021881675317248&$,|&$,|&$,|
188420223597150208&$,|&$,|&$,|
189205273552879616&$,|&$,|&$,|
190209003052072960&$,|&$,|&$,|
191514653719789568&$,|&$,|&$,|
194777855849267200&$,|&$,|&$,|
196284093166518272&$,|&$,|&$,|
197355788916883456&$,|&$,|&$,|
198605932886753280&$,|&$,|&$,|
198644087400693761&$,|&$,|&$,|
201024478401134592&$,|&$,|&$,|
201806702620835841&$,|&$,|&$,|
204255221017214977&$,|&$,|&$,|
204451869144252417&$,|&$,|&$,|
204863091756892160&$,|&$,|&$,|
205796791004692480&$,|&$,|&$,|
205833873571971072&$,|&$,|&$,|
207241096642691072&$,|&$,|&$,|
209141563324891136&$,|&$,|&$,|
209326823056736256&$,|&$,|&$,|
209871410930122754&$,|&$,|&$,|
210772327812694017&$,|&$,|&$,|
211064242080710657&$,|&$,|&$,|
211174379747278848&$,|&$,|&$,|
211310556722757633&$,|&$,|&$,|
211343865708412928&$,|&$,|&$,|
212326819226058752&$,|&$,|&$,|
212766113941946370&$,|&$,|&$,|
213172021578694661&$,|&$,|&$,|
213747408230809600&$,|&$,|&$,|
215477480268627968&$,|&$,|&$,|
216356589987299328&$,|&$,|&$,|
216732707449733120&$,|&$,|&$,|
218233183647432704&$,|&$,|&$,|
218786139350237186&$,|&$,|&$,|
219622632893448192&$,|&$,|&$,|
220963972097114112&$,|&$,|&$,|
222795486975754240&$,|&$,|&$,|
223222462815404035&$,|&$,|&$,|
223486514607161344&$,|&$,|&$,|
224421573036081152&$,|&$,|&$,|
227642762638393344&$,|&$,|&$,|
228844299205345280&$,|&$,|&$,|
230276610459172864&$,|&$,|&$,|
230775176147501066&$,|&$,|&$,|
233216382823563265&$,|&$,|&$,|
233320194003435520&$,|&$,|&$,|
233790779162624001&$,|&$,|&$,|
235068808509915136&$,|&$,|&$,|
236574617454641152&$,|&$,|&$,|
236768994411937792&$,|&$,|&$,|
237723375982739456&$,|&$,|&$,|
237946092119916546&$,|&$,|&$,|
237981726595481612&$,|&$,|&$,|
240085715365527552&$,|&$,|&$,|
240637699155820544&$,|&$,|&$,|
241551818964860928&$,|&$,|&$,|
241777687998234624&$,|&$,|&$,|
242763057086857216&$,|&$,|&$,|
243722887163412481&$,|&$,|&$,|
244942051500752896&$,|&$,|&$,|
245127969368965120&$,|&$,|&$,|
245625172957200384&$,|&$,|&$,|
246527949447233536&$,|&$,|&$,|
247062536053063680&$,|&$,|&$,|
247770734615724034&$,|&$,|&$,|
247789501882040321&$,|&$,|&$,|
247824036976001025&$,|&$,|&$,|
248813731579035648&$,|&$,|&$,|
249878232835293184&$,|&$,|&$,|
250732175593439232&$,|&$,|&$,|
251089187447635970&$,|&$,|&$,|
251201893303320577&$,|&$,|&$,|
251748828636512256&$,|&$,|&$,|
252144500246446080&$,|&$,|&$,|
253418389442265098&$,|&$,|&$,|
254388254827085824&$,|&$,|&$,|
255350858479304704&$,|&$,|&$,|
257573357531299840&$,|&$,|&$,|
257693093871091712&$,|&$,|&$,|
257901195924865024&$,|&$,|&$,|
258309881344294912&$,|&$,|&$,|
258567654883852290&$,|&$,|&$,|
259929557493088257&$,|&$,|&$,|
260049220088758273&$,|&$,|&$,|
260127274001629184&$,|&$,|&$,|
260807377064820738&$,|&$,|&$,|
261763973379129354&$,|&$,|&$,|
262498851070410752&$,|&$,|&$,|
263475489320992768&$,|&$,|&$,|
265059209379315712&$,|&$,|&$,|
265567812808867840&$,|&$,|&$,|
267637991508410379&$,|&$,|&$,|
268181868237684737&$,|&$,|&$,|
268425409136295946&$,|&$,|&$,|
268562129957683210&$,|&$,|&$,|
269664060461547520&$,|&$,|&$,|
269895840838057995&$,|&$,|&$,|
270206636738609152&$,|&$,|&$,|
270271067459682306&$,|&$,|&$,|
270514621650042880&$,|&$,|&$,|
270959959523590144&$,|&$,|&$,|
271136314521419781&$,|&$,|&$,|
271734741261221890&$,|&$,|&$,|
271913519719514115&$,|&$,|&$,|
272094207848611841&$,|&$,|&$,|
272220842010607617&$,|&$,|&$,|
272442420732362753&$,|&$,|&$,|
273482791839334400&$,|&$,|&$,|
274607996628369408&$,|&$,|&$,|
275254519695409153&$,|&$,|&$,|
275847521350320130&$,|&$,|&$,|
276147575021764608&$,|&$,|&$,|
276188428029132800&$,|&$,|&$,|
277464781521420288&$,|&$,|&$,|
278073248707641345&$,|&$,|&$,|
278096288686276608&$,|&$,|&$,|
279663707678834688&$,|&$,|&$,|
279954201906380801&$,|&$,|&$,|
280305827053699072&$,|&$,|&$,|
280349759254953986&$,|&$,|&$,|
281990219648204801&$,|&$,|&$,|
282679916410175488&$,|&$,|&$,|
284131628148588545&$,|&$,|&$,|
284143606720233474&$,|&$,|&$,|
284291341150846978&$,|&$,|&$,|
284296441730564096&$,|&$,|&$,|
286637821144596483&$,|&$,|&$,|
287384444430712835&$,|&$,|&$,|
287550883296837632&$,|&$,|&$,|
288401811759693845&$,|&$,|&$,|
289186866308186113&$,|&$,|&$,|
290463554639757313&$,|&$,|&$,|
290600475294826517&$,|&$,|&$,|
291388682710024192&$,|&$,|&$,|
291716660644282368&$,|&$,|&$,|
291977526287532032&$,|&$,|&$,|
294236299215503362&$,|&$,|&$,|
294387945207758848&$,|&$,|&$,|
295260753458364416&$,|&$,|&$,|
298022725300256769&$,|&$,|&$,|
298397755540373504&$,|&$,|&$,|
299443139201204224&$,|&$,|&$,|
299928812651544576&$,|&$,|&$,|
299956114399690752&$,|&$,|&$,|
300353841835147265&$,|&$,|&$,|
301404260300619787&$,|&$,|&$,|
302653250274852874&$,|&$,|&$,|
303257628509995009&$,|&$,|&$,|
304090068094550018&$,|&$,|&$,|
304100912182460437&$,|&$,|&$,|
304755407014985729&$,|&$,|&$,|
304860541732519936&$,|&$,|&$,|
305051138338586624&$,|&$,|&$,|
305071562241998858&$,|&$,|&$,|
305847135998443521&$,|&$,|&$,|
305886525537910815&$,|&$,|&$,|
306185268879425538&$,|&$,|&$,|
307209250772484097&$,|&$,|&$,|
307701913028263936&$,|&$,|&$,|
307972633784483850&$,|&$,|&$,|
308177647412707328&$,|&$,|&$,|
311227712247431168&$,|&$,|&$,|
311985361658183691&$,|&$,|&$,|
313007864488787968&$,|&$,|&$,|
313333225680273419&$,|&$,|&$,|
313885031498121219&$,|&$,|&$,|
314771702418505728&$,|&$,|&$,|
315932549203623936&$,|&$,|&$,|
317393815831052288&$,|&$,|&$,|
317870672724361216&$,|&$,|&$,|
318374299889041409&$,|&$,|&$,|
318538011077902336&$,|&$,|&$,|
318758220850135041&$,|&$,|&$,|
319167601005559808&$,|&$,|&$,|
319181977112674316&$,|&$,|&$,|
319729719450796032&$,|&$,|&$,|
319847454461657098&$,|&$,|&$,|
319951251561250818&$,|&$,|&$,|
320253850504265738&$,|&$,|&$,|
320562810205634561&$,|&$,|&$,|
320601271214276608&$,|&$,|&$,|
321156441656524802&$,|&$,|&$,|
321615830527901706&$,|&$,|&$,|
321963917121159189&$,|&$,|&$,|
322153009289101322&$,|&$,|&$,|
322405571892346890&$,|&$,|&$,|
322633765564186624&$,|&$,|&$,|
323194606982397962&$,|&$,|&$,|
323744285818224642&$,|&$,|&$,|
324247828643971082&$,|&$,|&$,|
324823737256116225&$,|&$,|&$,|
325249049127026698&$,|&$,|&$,|
325367386628685824&$,|&$,|&$,|
325778362377175042&$,|&$,|&$,|
326495271771045897&$,|&$,|&$,|
326920350065754124&$,|&$,|&$,|
327153535206817802&$,|&$,|&$,|
327959835524202506&$,|&$,|&$,|
328373798028050432&$,|&$,|&$,|
328953414660915210&$,|&$,|&$,|
329464579908304897&$,|&$,|&$,|
329770484759789568&$,|&$,|&$,|
330677994442063873&$,|&$,|&$,|
330736597584576514&$,|&$,|&$,|
330981254633619467&$,|&$,|&$,|
331132795827257344&$,|&$,|&$,|
332989893590515722&$,|&$,|&$,|
333385547080794115&$,|&$,|&$,|
333460908200296449&$,|&$,|&$,|
333580755806584833&$,|&$,|&$,|
334720310299459604&$,|&$,|&$,|
336297839627993098&$,|&$,|&$,|
336861546213015552&$,|&$,|&$,|
337579586944499714&$,|&$,|&$,|
337591759553167362&$,|&$,|&$,|
337643467268423682&$,|&$,|&$,|
337902748181725184&$,|&$,|&$,|
338155978618830848&$,|&$,|&$,|
338300038927351809&$,|&$,|&$,|
338683655700348928&$,|&$,|&$,|
338898625675526158&$,|&$,|&$,|
339431278619394059&$,|&$,|&$,|
340082737354506261&$,|&$,|&$,|
340212430506295297&$,|&$,|&$,|
340220909224722446&$,|&$,|&$,|
341600224092880906&$,|&$,|&$,|
341626367068078102&$,|&$,|&$,|
342432830657265665&$,|&$,|&$,|
342867014567591937&$,|&$,|&$,|
343953121992769536&$,|&$,|&$,|
344170102645587980&$,|&$,|&$,|
344172139466981379&$,|&$,|&$,|
344392160734347265&$,|&$,|&$,|
344476122890633226&$,|&$,|&$,|
345023606457237505&$,|&$,|&$,|
345260118587211776&$,|&$,|&$,|
345366756690231297&$,|&$,|&$,|
346702110718558209&$,|&$,|&$,|
346800886896525324&$,|&$,|&$,|
347053609768189952&$,|&$,|&$,|
347394735276687383&$,|&$,|&$,|
347739812339515392&$,|&$,|&$,|
347920444822781953&$,|&$,|&$,|
348225936572809230&$,|&$,|&$,|
348438333774495745&$,|&$,|&$,|
348475800892211212&$,|&$,|&$,|
348927586354855939&$,|&$,|&$,|
349413558242639882&$,|&$,|&$,|
349465216209387530&$,|&$,|&$,|
349914765877051415&$,|&$,|&$,|
350513362423250945&$,|&$,|&$,|
350988325508874242&$,|&$,|&$,|
351425181526392832&$,|&$,|&$,|
351971307644256256&$,|&$,|&$,|
352946464038715404&$,|&$,|&$,|
353778465822081026&$,|&$,|&$,|
353916680906342400&$,|&$,|&$,|
354167045832835072&$,|&$,|&$,|
354877740291325954&$,|&$,|&$,|
355811677331259413&$,|&$,|&$,|
355918051520151553&$,|&$,|&$,|
356146310606487555&$,|&$,|&$,|
356559088907190285&$,|&$,|&$,|
357037823829999618&$,|&$,|&$,|
357293800709947394&$,|&$,|&$,|
357698878730010624&$,|&$,|&$,|
357828243228983298&$,|&$,|&$,|
358445213389422595&$,|&$,|&$,|
358761029158567936&$,|&$,|&$,|
360746005261713408&$,|&$,|&$,|
361310189900529675&$,|&$,|&$,|
362884220936388608&$,|&$,|&$,|
363141036270419970&$,|&$,|&$,|
363166153130115073&$,|&$,|&$,|
363332134787612672&$,|&$,|&$,|
363433254533201931&$,|&$,|&$,|
363811821280428043&$,|&$,|&$,|
364278601622749185&$,|&$,|&$,|
364466328234491904&$,|&$,|&$,|
364756605792681987&$,|&$,|&$,|
365066208187514881&$,|&$,|&$,|
365760420239245312&$,|&$,|&$,|
365934760536834048&$,|&$,|&$,|
366859716803952651&$,|&$,|&$,|
367333864328396800&$,|&$,|&$,|
367628757336588298&$,|&$,|&$,|
368113344588152842&$,|&$,|&$,|
369442080180928522&$,|&$,|&$,|
370484162030993418&$,|&$,|&$,|
370852884432027650&$,|&$,|&$,|
371620258953560064&$,|&$,|&$,|
371715223465230337&$,|&$,|&$,|
371758662185910272&$,|&$,|&$,|
372011353164087299&$,|&$,|&$,|
372422943147294721&$,|&$,|&$,|
372675959972823040&$,|&$,|&$,|
373328677443862530&$,|&$,|&$,|
373911459995844609&$,|&$,|&$,|
374387655397343253&$,|&$,|&$,|
374587188781907980&$,|&$,|&$,|
375317292147408896&$,|&$,|&$,|
375361766055739392&$,|&$,|&$,|
375551430913818624&$,|&$,|&$,|
375641728256049157&$,|&$,|&$,|
375996017247649793&$,|&$,|&$,|
376096170897965056&$,|&$,|&$,|
376701211174371328&$,|&$,|&$,|
377133212016574467&$,|&$,|&$,|
377391567658287105&$,|&$,|&$,|
377727774435049473&$,|&$,|&$,|
378058902476161024&$,|&$,|&$,|
378203971132719124&$,|&$,|&$,|
378261293116686337&$,|&$,|&$,|
378570144667926528&$,|&$,|&$,|
379020255164366848&$,|&$,|&$,|
379718356523024395&$,|&$,|&$,|
379893855987957760&$,|&$,|&$,|
380001975950901250&$,|&$,|&$,|
380030047320539137&$,|&$,|&$,|
380315172176265217&$,|&$,|&$,|
380489848550850580&$,|&$,|&$,|
381140359402618880&$,|&$,|&$,|
381760959406014464&$,|&$,|&$,|
381849171130449932&$,|&$,|&$,|
382505961262153731&$,|&$,|&$,|
382595780164190219&$,|&$,|&$,|
382653477337300993&$,|&$,|&$,|
382907166992105473&$,|&$,|&$,|
382934735724347402&$,|&$,|&$,|
382943117067943946&$,|&$,|&$,|
383276402050334721&$,|&$,|&$,|
383472535649648641&$,|&$,|&$,|
383634537231417344&$,|&$,|&$,|
383734481607196672&$,|&$,|&$,|
384086168586813440&$,|&$,|&$,|
384693696853049344&$,|&$,|&$,|
384736077145047051&$,|&$,|&$,|
386688405859467274&$,|&$,|&$,|
386835527984349186&$,|&$,|&$,|
387081271706386442&$,|&$,|&$,|
387232975777169411&$,|&$,|&$,|
387426975649759244&$,|&$,|&$,|
387473255071481857&$,|&$,|&$,|
387709592496242720&$,|&$,|&$,|
387955944450949130&$,|&$,|&$,|
388087061158035458&$,|&$,|&$,|
388117002448928783&$,|&$,|&$,|
388951618013626368&$,|&$,|&$,|
389090148023009291&$,|&$,|&$,|
389314364102017024&$,|&$,|&$,|
389900202112450560&$,|&$,|&$,|
390144971522572293&$,|&$,|&$,|
390268762420543489&$,|&$,|&$,|
390297186363244544&$,|&$,|&$,|
390639887746859019&$,|&$,|&$,|
391400334825619457&$,|&$,|&$,|
391409877324660736&$,|&$,|&$,|
391523844806148097&$,|&$,|&$,|
391788394856054784&$,|&$,|&$,|
392382688390021130&$,|&$,|&$,|
392679620312432643&$,|&$,|&$,|
392715449583796225&$,|&$,|&$,|
392998611647987712&$,|&$,|&$,|
393156553353461760&$,|&$,|&$,|
393701657466241025&$,|&$,|&$,|
394101140561592321&$,|&$,|&$,|
394537695185076244&$,|&$,|&$,|
394587443854311436&$,|&$,|&$,|
394680084163723276&$,|&$,|&$,|
394743436256870400&$,|&$,|&$,|
395137356589563904&$,|&$,|&$,|
395152493388234752&$,|&$,|&$,|
395537922520252419&$,|&$,|&$,|
397445752516771850&$,|&$,|&$,|
397822900909899787&$,|&$,|&$,|
397831553528365058&$,|&$,|&$,|
397842499500113941&$,|&$,|&$,|
398504905188442112&$,|&$,|&$,|
398813181205807105&$,|&$,|&$,|
398898564488495104&$,|&$,|&$,|
399067452006203404&$,|&$,|&$,|
399134390598238208&$,|&$,|&$,|
399181925673205760&$,|&$,|&$,|
399522265026265088&$,|&$,|&$,|
399560230951845888&$,|&$,|&$,|
399630371156787200&$,|&$,|&$,|
400114085233950720&$,|&$,|&$,|
400516398905950219&$,|&$,|&$,|
401082802331713546&$,|&$,|&$,|
401314421227651076&$,|&$,|&$,|
401459662551121921&$,|&$,|&$,|
401473346664923146&$,|&$,|&$,|
401823453830971392&$,|&$,|&$,|
402171737963495424&$,|&$,|&$,|
402192987917910026&$,|&$,|&$,|
402213844664975370&$,|&$,|&$,|
402604950204579882&$,|&$,|&$,|
402682438091931650&$,|&$,|&$,|
402748291512664065&$,|&$,|&$,|
402919995903836163&$,|&$,|&$,|
403459253018427402&$,|&$,|&$,|
403807501516275714&$,|&$,|&$,|
403851436959596547&$,|&$,|&$,|
403992003819601930&$,|&$,|&$,|
404726216147468306&$,|&$,|&$,|
404885491712917505&$,|&$,|&$,|
405810636866584587&$,|&$,|&$,|
405976528334094366&$,|&$,|&$,|
406117964950274049&$,|&$,|&$,|
406146111808602115&$,|&$,|&$,|
406287512303042561&$,|&$,|&$,|
406424197770903554&$,|&$,|&$,|
406424373843460106&$,|&$,|&$,|
407190515839139853&$,|&$,|&$,|
407384554630807552&$,|&$,|&$,|
407870171806564352&$,|&$,|&$,|
407879596285886474&$,|&$,|&$,|
408079740658778114&$,|&$,|&$,|
409159043391815680&$,|&$,|&$,|
409201185132773378&$,|&$,|&$,|
409208449063452672&$,|&$,|&$,|
409449114695237632&$,|&$,|&$,|
409469594164527124&$,|&$,|&$,|
409663432778842122&$,|&$,|&$,|
410119637867429899&$,|&$,|&$,|
410219426332540940&$,|&$,|&$,|
410468113310810134&$,|&$,|&$,|
410544169594126336&$,|&$,|&$,|
410568850283823105&$,|&$,|&$,|
410825210359447553&$,|&$,|&$,|
410828867352395806&$,|&$,|&$,|
410881636327227392&$,|&$,|&$,|
410984124489138178&$,|&$,|&$,|
410988468961935361&$,|&$,|&$,|
411154935917445145&$,|&$,|&$,|
411253774456324097&$,|&$,|&$,|
411359274934206495&$,|&$,|&$,|
411537626546438144&$,|&$,|&$,|
411566789252874241&$,|&$,|&$,|
411645961144631306&$,|&$,|&$,|
411788438808035338&$,|&$,|&$,|
412455334372835328&$,|&$,|&$,|
412782077998792704&$,|&$,|&$,|
413055192855216130&$,|&$,|&$,|
413318311565197312&$,|&$,|&$,|
414349952857407500&$,|&$,|&$,|
415326122893508608&$,|&$,|&$,|
416014717195124746&$,|&$,|&$,|
417272709542838282&$,|&$,|&$,|
418591571055869965&$,|&$,|&$,|
418684345130287115&$,|&$,|&$,|
418965373128278017&$,|&$,|&$,|
419179214005207069&$,|&$,|&$,|
420036738392784907&$,|&$,|&$,|
420668228717641728&$,|&$,|&$,|
420952668266037258&$,|&$,|&$,|
421293473459863553&$,|&$,|&$,|
421318452989526017&$,|&$,|&$,|
422019621261148160&$,|&$,|&$,|
422020302009139210&$,|&$,|&$,|
422304033928380417&$,|&$,|&$,|
422405273508904960&$,|&$,|&$,|
422457142155542549&$,|&$,|&$,|
424151307675369488&$,|&$,|&$,|
424372805744721921&$,|&$,|&$,|
424496033318305792&$,|&$,|&$,|
424988298147135498&$,|&$,|&$,|
425707465632382976&$,|&$,|&$,|
426731456996442127&$,|&$,|&$,|
427125728711016468&$,|&$,|&$,|
428246148495572992&$,|&$,|&$,|
429083168310689802&$,|&$,|&$,|
430784091697315840&$,|&$,|&$,|
430972358157926400&$,|&$,|&$,|
431432559881224212&$,|&$,|&$,|
431833159248904193&$,|&$,|&$,|
432050383372812288&$,|&$,|&$,|
432927628890996736&$,|&$,|&$,|
433163869851222016&$,|&$,|&$,|
433326606195621888&$,|&$,|&$,|
433675989055438860&$,|&$,|&$,|
434017015758585867&$,|&$,|&$,|
434166917679546368&$,|&$,|&$,|
434706018103197696&$,|&$,|&$,|
435363863639097344&$,|&$,|&$,|
436452764705488898&$,|&$,|&$,|
436941209714556938&$,|&$,|&$,|
438712110495825922&$,|&$,|&$,|
438810605227474944&$,|&$,|&$,|
440044820237647873&$,|&$,|&$,|
440186012338094080&$,|&$,|&$,|
440507007167102978&$,|&$,|&$,|
440822585597493268&$,|&$,|&$,|
440838174219042826&$,|&$,|&$,|
441472847874097152&$,|&$,|&$,|
441914242254241793&$,|&$,|&$,|
442071858515279884&$,|&$,|&$,|
442299026688442378&$,|&$,|&$,|
442346201770229782&$,|&$,|&$,|
442943210092888065&$,|&$,|&$,|
443433266050105349&$,|&$,|&$,|
444131870985289728&$,|&$,|&$,|
444431509559181322&$,|&$,|&$,|
445091203114074122&$,|&$,|&$,|
445418318762082304&$,|&$,|&$,|
446142747234140160&$,|&$,|&$,|
447305832632156160&$,|&$,|&$,|
449538062544928779&$,|&$,|&$,|
449583708358443010&$,|&$,|&$,|
450493901531250699&$,|&$,|&$,|
450611236426481664&$,|&$,|&$,|
451214654941954048&$,|&$,|&$,|
451425060486643731&$,|&$,|&$,|
451467360520372235&$,|&$,|&$,|
452332550694895618&$,|&$,|&$,|
452742952360607754&$,|&$,|&$,|
452882551732961280&$,|&$,|&$,|
453353709527760927&$,|&$,|&$,|
454630920905818113&$,|&$,|&$,|
454754385579343873&$,|&$,|&$,|
455570134459744296&$,|&$,|&$,|
456226577798135808&$,|&$,|&$,|
456349235495960577&$,|&$,|&$,|
456472673720074251&$,|&$,|&$,|
456636430471528458&$,|&$,|&$,|
457354081619673128&$,|&$,|&$,|
458891124426407947&$,|&$,|&$,|
459073648087793664&$,|&$,|&$,|
459159799557390346&$,|&$,|&$,|
459705855399690240&$,|&$,|&$,|
459735671066853386&$,|&$,|&$,|
460082455643160587&$,|&$,|&$,|
460473144629788673&$,|&$,|&$,|
460555028688797696&$,|&$,|&$,|
460615910273843201&$,|&$,|&$,|
461530388326514690&$,|&$,|&$,|
461830588773433365&$,|&$,|&$,|
462583731199279114&$,|&$,|&$,|
462807734539124736&$,|&$,|&$,|
462909645950812165&$,|&$,|&$,|
463328333841825802&$,|&$,|&$,|
463427784635711488&$,|&$,|&$,|
464558979092054037&$,|&$,|&$,|
465067615950209024&$,|&$,|&$,|
465181824306511892&$,|&$,|&$,|
466727434927079428&$,|&$,|&$,|
467243961820643357&$,|&$,|&$,|
467515080137900042&$,|&$,|&$,|
468067666104549377&$,|&$,|&$,|
469151026751209483&$,|&$,|&$,|
469725628233416705&$,|&$,|&$,|
470125368787861514&$,|&$,|&$,|
470869310374674443&$,|&$,|&$,|
471217254697140227&$,|&$,|&$,|
471268309095022592&$,|&$,|&$,|
471374786778497033&$,|&$,|&$,|
471746540973850635&$,|&$,|&$,|
472775545831292930&$,|&$,|&$,|
473198585890996224&$,|&$,|&$,|
474402975180128267&$,|&$,|&$,|
475003996466315277&$,|&$,|&$,|
475048780564267008&$,|&$,|&$,|
475114187010474004&$,|&$,|&$,|
475869948376383489&$,|&$,|&$,|
476050371685384212&$,|&$,|&$,|
476067280795467776&$,|&$,|&$,|
476149229170065418&$,|&$,|&$,|
476161239475814411&$,|&$,|&$,|
476451887496036352&$,|&$,|&$,|
476555889508089867&$,|&$,|&$,|
476762900275658762&$,|&$,|&$,|
477774564663754754&$,|&$,|&$,|
477913575726383125&$,|&$,|&$,|
478191008379699210&$,|&$,|&$,|
479674456365727745&$,|&$,|&$,|
479828650309713950&$,|&$,|&$,|
480080591623290910&$,|&$,|&$,|
480223794414354433&$,|&$,|&$,|
480326792482127887&$,|&$,|&$,|
480331539427753998&$,|&$,|&$,|
480426455554064395&$,|&$,|&$,|
481325898151362583&$,|&$,|&$,|
481347962958512139&$,|&$,|&$,|
481415052973441044&$,|&$,|&$,|
483711691511693312&$,|&$,|&$,|
484792924630941706&$,|&$,|&$,|
485367898194575360&$,|&$,|&$,|
486452104706392066&$,|&$,|&$,|
486596613226233857&$,|&$,|&$,|
486822588249800716&$,|&$,|&$,|
487263625841737738&$,|&$,|&$,|
487306998921297920&$,|&$,|&$,|
488408777981165571&$,|&$,|&$,|
488725464022646809&$,|&$,|&$,|
489061151628460032&$,|&$,|&$,|
489206164270350337&$,|&$,|&$,|
489881561890684970&$,|&$,|&$,|
489914064919855114&$,|&$,|&$,|
490260896610910228&$,|&$,|&$,|
491301894170476555&$,|&$,|&$,|
493451144966963200&$,|&$,|&$,|
493831911190429706&$,|&$,|&$,|
494282559627329546&$,|&$,|&$,|
494401090473951233&$,|&$,|&$,|
494607332777394180&$,|&$,|&$,|
494613747483279370&$,|&$,|&$,|
494621039171731469&$,|&$,|&$,|
494790116678565890&$,|&$,|&$,|
495304863576752134&$,|&$,|&$,|
496291094942973970&$,|&$,|&$,|
496439248530964480&$,|&$,|&$,|
497686294256943104&$,|&$,|&$,|
498244007630077952&$,|&$,|&$,|
498538362978828308&$,|&$,|&$,|
499071680841252884&$,|&$,|&$,|
499079408619880448&$,|&$,|&$,|
499401005314867212&$,|&$,|&$,|
499465100076515330&$,|&$,|&$,|
500021455229026304&$,|&$,|&$,|
500243158299443200&$,|&$,|&$,|
500368232994045976&$,|&$,|&$,|
500754975740133376&$,|&$,|&$,|
501009524346585119&$,|&$,|&$,|
501024195334111242&$,|&$,|&$,|
501228540436545571&$,|&$,|&$,|
502718139667185674&$,|&$,|&$,|
503590203370373121&$,|&$,|&$,|
503690377057009664&$,|&$,|&$,|
504699956272300043&$,|&$,|&$,|
506381994750640159&$,|&$,|&$,|
507486751498174464&$,|&$,|&$,|
507604115136970762&$,|&$,|&$,|
507750706992775199&$,|&$,|&$,|
507907745232715776&$,|&$,|&$,|
508215099056455705&$,|&$,|&$,|
508268191609257995&$,|&$,|&$,|
508820129157480459&$,|&$,|&$,|
509041919100321793&$,|&$,|&$,|
509134586337427466&$,|&$,|&$,|
510067473442144256&$,|&$,|&$,|
510792389992906754&$,|&$,|&$,|
511506816333774863&$,|&$,|&$,|
512311057046437888&$,|&$,|&$,|
512614449534992384&$,|&$,|&$,|
513157980946956298&$,|&$,|&$,|
513333758259232778&$,|&$,|&$,|
513348045107363844&$,|&$,|&$,|
513979722435264512&$,|&$,|&$,|
514281165864173578&$,|&$,|&$,|
514524967656751120&$,|&$,|&$,|
515457262324547615&$,|&$,|&$,|
516043679035817992&$,|&$,|&$,|
517002809980485632&$,|&$,|&$,|
517059123351650373&$,|&$,|&$,|
517197426113773608&$,|&$,|&$,|
517607372487917574&$,|&$,|&$,|
518308436769898512&$,|&$,|&$,|
518816482898083852&$,|&$,|&$,|
518874490168672266&$,|&$,|&$,|
519314093921009675&$,|&$,|&$,|
519872438150889492&$,|&$,|&$,|
520169106637586432&$,|&$,|&$,|
520370045063397386&$,|&$,|&$,|
520637142624632832&$,|&$,|&$,|
521134261978267658&$,|&$,|&$,|
521386238880514050&$,|&$,|&$,|
521702652640362525&$,|&$,|&$,|
521742739121897474&$,|&$,|&$,|
522434397882941483&$,|&$,|&$,|
523236031277957121&$,|&$,|&$,|
523563105217937421&$,|&$,|&$,|
523833542829146122&$,|&$,|&$,|
524707146835820565&$,|&$,|&$,|
525190857704341505&$,|&$,|&$,|
525923611911913485&$,|&$,|&$,|
526476497901322241&$,|&$,|&$,|
526576515207397378&$,|&$,|&$,|
526752265915203603&$,|&$,|&$,|
528323841207042049&$,|&$,|&$,|
530349403962081303&$,|&$,|&$,|
530808977794007051&$,|&$,|&$,|
530878107486388235&$,|&$,|&$,|
531126126072954901&$,|&$,|&$,|
531170604578242560&$,|&$,|&$,|
531373377642823680&$,|&$,|&$,|
531741553987944469&$,|&$,|&$,|
531781824800882689&$,|&$,|&$,|
531950070770303007&$,|&$,|&$,|
532110308626661386&$,|&$,|&$,|
532859523505979405&$,|&$,|&$,|
533023164025012254&$,|&$,|&$,|
533355122340659200&$,|&$,|&$,|
533902032998891520&$,|&$,|&$,|
535593093378867240&$,|&$,|&$,|
535840199629078587&$,|&$,|&$,|
537144042060906497&$,|&$,|&$,|
537209036492505110&$,|&$,|&$,|
537489513228926977&$,|&$,|&$,|
538085865784868895&$,|&$,|&$,|
538563262355210252&$,|&$,|&$,|
538879622767706122&$,|&$,|&$,|
540139343826911232&$,|&$,|&$,|
542418538783047681&$,|&$,|&$,|
542737604307845121&$,|&$,|&$,|
542747864120426496&$,|&$,|&$,|
543269351151894531&$,|&$,|&$,|
543524561933565952&$,|&$,|&$,|
543680358630293505&$,|&$,|&$,|
544724647837564941&$,|&$,|&$,|
544916324661592085&$,|&$,|&$,|
545032582321012736&$,|&$,|&$,|
545420341045100544&$,|&$,|&$,|
546049442265169942&$,|&$,|&$,|
546100746546970634&$,|&$,|&$,|
547920296003239946&$,|&$,|&$,|
548474764226854913&$,|&$,|&$,|
548660317849124871&$,|&$,|&$,|
549885023940247552&$,|&$,|&$,|
550275744748797970&$,|&$,|&$,|
550351884465078293&$,|&$,|&$,|
551585569470414871&$,|&$,|&$,|
551794131878412299&$,|&$,|&$,|
552625456558374925&$,|&$,|&$,|
554381034918117403&$,|&$,|&$,|
555642331072692235&$,|&$,|&$,|
557265525563064351&$,|&$,|&$,|
557612948198129685&$,|&$,|&$,|
559251566046085162&$,|&$,|&$,|
559570607214297121&$,|&$,|&$,|
560198906894352404&$,|&$,|&$,|
560681927183433780&$,|&$,|&$,|
560807297060700162&$,|&$,|&$,|
561522437636751370&$,|&$,|&$,|
561664160182566923&$,|&$,|&$,|
561794511005548545&$,|&$,|&$,|
561986869479342096&$,|&$,|&$,|
562283250371002380&$,|&$,|&$,|
563012170821140491&$,|&$,|&$,|
563343328658325504&$,|&$,|&$,|
563705222875316246&$,|&$,|&$,|
564630042693599276&$,|&$,|&$,|
565385504900513793&$,|&$,|&$,|
565635767020421132&$,|&$,|&$,|
566078251504500746&$,|&$,|&$,|
566718186242703361&$,|&$,|&$,|
566829067303780363&$,|&$,|&$,|
567110697411149844&$,|&$,|&$,|
567269247353356288&$,|&$,|&$,|
567465402716913664&$,|&$,|&$,|
567655603745456128&$,|&$,|&$,|
567667293287350302&$,|&$,|&$,|
567704823844175873&$,|&$,|&$,|
568946095913304113&$,|&$,|&$,|
569027665630330900&$,|&$,|&$,|
570269478072352769&$,|&$,|&$,|
570293701763661824&$,|&$,|&$,|
572215216712974346&$,|&$,|&$,|
572992581030641665&$,|&$,|&$,|
573753848360075274&$,|&$,|&$,|
573940636202303498&$,|&$,|&$,|
574173935407726593&$,|&$,|&$,|
574364010636378132&$,|&$,|&$,|
574733254167625768&$,|&$,|&$,|
574811455132663830&$,|&$,|&$,|
574976347412365312&$,|&$,|&$,|
576030621797711902&$,|&$,|&$,|
576378131347406848&$,|&$,|&$,|
578578315057692674&$,|&$,|&$,|
578664207252324358&$,|&$,|&$,|
578795886164049930&$,|&$,|&$,|
579145345406074883&$,|&$,|&$,|
580533178129842212&$,|&$,|&$,|
580781874289573935&$,|&$,|&$,|
581441378991603714&$,|&$,|&$,|
583669853278175242&$,|&$,|&$,|
584788446443208704&$,|&$,|&$,|
584976469168488449&$,|&$,|&$,|
585688526356480001&$,|&$,|&$,|
585885762562686976&$,|&$,|&$,|
588078706635833572&$,|&$,|&$,|
589753419972214795&$,|&$,|&$,|
590459958144008212&$,|&$,|&$,|
590849640518385673&$,|&$,|&$,|
591566324405108739&$,|&$,|&$,|
591604424762327041&$,|&$,|&$,|
591740604028026901&$,|&$,|&$,|
592851652495671319&$,|&$,|&$,|
592853901968015473&$,|&$,|&$,|
593608737697300480&$,|&$,|&$,|
593764189416325131&$,|&$,|&$,|
594141299905527827&$,|&$,|&$,|
595298370638184460&$,|&$,|&$,|
595500594324832258&$,|&$,|&$,|
596946218983227393&$,|&$,|&$,|
597586584761663498&$,|&$,|&$,|
598225473981644811&$,|&$,|&$,|
598262235269300246&$,|&$,|&$,|
601066195675774988&$,|&$,|&$,|
601345266750324737&$,|&$,|&$,|
601434152025456641&$,|&$,|&$,|
601511725082345500&$,|&$,|&$,|
602180011512037397&$,|&$,|&$,|
602200252216508453&$,|&$,|&$,|
602866759233568778&$,|&$,|&$,|
602973485320503346&$,|&$,|&$,|
603109646621999130&$,|&$,|&$,|
604215025908842507&$,|&$,|&$,|
604317915017117696&$,|&$,|&$,|
604874083141681162&$,|&$,|&$,|
605468990206377994&$,|&$,|&$,|
605537864406532106&$,|&$,|&$,|
606250900385955841&$,|&$,|&$,|
606378057762209793&$,|&$,|&$,|
606491742929420289&$,|&$,|&$,|
606574975008374805&$,|&$,|&$,|
606706391809392650&$,|&$,|&$,|
607248758790422538&$,|&$,|&$,|
608735390945509407&$,|&$,|&$,|
610623856989700128&$,|&$,|&$,|
610637719596564521&$,|&$,|&$,|
610805520420306994&$,|&$,|&$,|
611065205320974367&$,|&$,|&$,|
613054002778865675&$,|&$,|&$,|
613084204489769013&$,|&$,|&$,|
613702690312159252&$,|&$,|&$,|
614018066803851264&$,|&$,|&$,|
614078543906734090&$,|&$,|&$,|
614115598863040512&$,|&$,|&$,|
614117819919106055&$,|&$,|&$,|
614457715070074890&$,|&$,|&$,|
614677691043545108&$,|&$,|&$,|
615281659012710421&$,|&$,|&$,|
616275622968426509&$,|&$,|&$,|
616924366059470858&$,|&$,|&$,|
616926004627111938&$,|&$,|&$,|
617485603872702672&$,|&$,|&$,|
617486639807201317&$,|&$,|&$,|
618092115255230464&$,|&$,|&$,|
619183023077720084&$,|&$,|&$,|
619224592887578624&$,|&$,|&$,|
619628105585393686&$,|&$,|&$,|
620911722248667148&$,|&$,|&$,|
622134248450686976&$,|&$,|&$,|
623308854054223903&$,|&$,|&$,|
623320540693921810&$,|&$,|&$,|
623781716187938816&$,|&$,|&$,|
623791818093494272&$,|&$,|&$,|
623917508205871104&$,|&$,|&$,|
623963582094114819&$,|&$,|&$,|
624293578205560842&$,|&$,|&$,|
624943908949983242&$,|&$,|&$,|
625031624689713162&$,|&$,|&$,|
627891222081699840&$,|&$,|&$,|
629386590241816596&$,|&$,|&$,|
630089517772046368&$,|&$,|&$,|
632071193410797568&$,|&$,|&$,|
632538992172204044&$,|&$,|&$,|
633016166838829066&$,|&$,|&$,|
636092861863034890&$,|&$,|&$,|
638322353553801229&$,|&$,|&$,|
638499777499234305&$,|&$,|&$,|
639172986926268417&$,|&$,|&$,|
639777281832910858&$,|&$,|&$,|
640250599908179979&$,|&$,|&$,|
640768808621178951&$,|&$,|&$,|
641185013395619860&$,|&$,|&$,|
641269872403152927&$,|&$,|&$,|
642031079363969026&$,|&$,|&$,|
642235085231489035&$,|&$,|&$,|
643589788858843153&$,|&$,|&$,|
644598848160792626&$,|&$,|&$,|
644764979551141898&$,|&$,|&$,|
645663355587264543&$,|&$,|&$,|
645759614771789856&$,|&$,|&$,|
646729026769125398&$,|&$,|&$,|
647593059587981322&$,|&$,|&$,|
647912299444699136&$,|&$,|&$,|
648736797119086620&$,|&$,|&$,|
649696916875116585&$,|&$,|&$,|
649979184025960449&$,|&$,|&$,|
650426851990306870&$,|&$,|&$,|
650978983864827952&$,|&$,|&$,|
651103232155713582&$,|&$,|&$,|
652573044375552024&$,|&$,|&$,|
652580929381859329&$,|&$,|&$,|
652581782981443586&$,|&$,|&$,|
653519450397474846&$,|&$,|&$,|
654340035885137951&$,|&$,|&$,|
654387417691848704&$,|&$,|&$,|
654468953728352267&$,|&$,|&$,|
654648473056182282&$,|&$,|&$,|
655418909855318017&$,|&$,|&$,|
656090936270651403&$,|&$,|&$,|
656499725721403398&$,|&$,|&$,|
656543429718704128&$,|&$,|&$,|
657278879488147517&$,|&$,|&$,|
658302060973785110&$,|&$,|&$,|
662776231359676438&$,|&$,|&$,|
663322857270673419&$,|&$,|&$,|
663877129280421888&$,|&$,|&$,|
665022065799069698&$,|&$,|&$,|
665418346430201870&$,|&$,|&$,|
665813882236829715&$,|&$,|&$,|
665889549188333628&$,|&$,|&$,|
666388945415831582&$,|&$,|&$,|
667387455116148766&$,|&$,|&$,|
667722768728719371&$,|&$,|&$,|
668186309071863818&$,|&$,|&$,|
668554310942195723&$,|&$,|&$,|
669132012329762836&$,|&$,|&$,|
669401482713497600&$,|&$,|&$,|
669426388524072961&$,|&$,|&$,|
671660749604519936&$,|&$,|&$,|
673526781357195315&$,|&$,|&$,|
673548071279394839&$,|&$,|&$,|
673915284431831060&$,|&$,|&$,|
674131151375302656&$,|&$,|&$,|
674552984469897219&$,|&$,|&$,|
674568043921145866&$,|&$,|&$,|
675711014809108480&$,|&$,|&$,|
676056394146775050&$,|&$,|&$,|
676071933044981761&$,|&$,|&$,|
676085435553808426&$,|&$,|&$,|
676175540587069467&$,|&$,|&$,|
676447398360252466&$,|&$,|&$,|
676964314443284480&$,|&$,|&$,|
677006926977957919&$,|&$,|&$,|
677031477728247809&$,|&$,|&$,|
677907966619287571&$,|&$,|&$,|
678355307919048754&$,|&$,|&$,|
678389839577612331&$,|&$,|&$,|
679936424971468859&$,|&$,|&$,|
680330410231988323&$,|&$,|&$,|
682429946517651477&$,|&$,|&$,|
683931150397341751&$,|&$,|&$,|
687316047409446938&$,|&$,|&$,|
687965273403162638&$,|&$,|&$,|
689073908187791382&$,|&$,|&$,|
689273801891905581&$,|&$,|&$,|
689811088899964973&$,|&$,|&$,|
689937087075450928&$,|&$,|&$,|
690257335599628309&$,|&$,|&$,|
690650043895775262&$,|&$,|&$,|
690658449566072863&$,|&$,|&$,|
691073287081426984&$,|&$,|&$,|
691082062865891428&$,|&$,|&$,|
691658774217359422&$,|&$,|&$,|
691831149609091093&$,|&$,|&$,|
692070491065810944&$,|&$,|&$,|
692265621781741588&$,|&$,|&$,|
692759578869497897&$,|&$,|&$,|
692817791606063154&$,|&$,|&$,|
694502504800452618&$,|&$,|&$,|
694648599841341511&$,|&$,|&$,|
694731361713651794&$,|&$,|&$,|
694842587135213659&$,|&$,|&$,|
694955731581010020&$,|&$,|&$,|
695267877326159933&$,|&$,|&$,|
696161033491841064&$,|&$,|&$,|
696308211346833449&$,|&$,|&$,|
696950239608832030&$,|&$,|&$,|
697180474606485587&$,|&$,|&$,|
697708435231342634&$,|&$,|&$,|
697910785342701608&$,|&$,|&$,|
698481968547102721&$,|&$,|&$,|
698790330849427528&$,|&$,|&$,|
699548837702008844&$,|&$,|&$,|
699593152121667674&$,|&$,|&$,|
699812321958297730&$,|&$,|&$,|
700177326830518332&$,|&$,|&$,|
700807147239505991&$,|&$,|&$,|
701510624458309665&$,|&$,|&$,|
702394354026676264&$,|&$,|&$,|
703952593709301780&$,|&$,|&$,|
704124314802323476&$,|&$,|&$,|
704406425987711468&$,|&$,|&$,|
704521096837464076&$,|&$,|&$,|
704658689302462605&$,|&$,|&$,|
705087660590497852&$,|&$,|&$,|
705128665255772260&$,|&$,|&$,|
705737151157108738&$,|&$,|&$,|
706249924135616533&$,|&$,|&$,|
706974749321855089&$,|&$,|&$,|
707126742233514055&$,|&$,|&$,|
707378643021594635&$,|&$,|&$,|
707907411020873768&$,|&$,|&$,|
707941673644064813&$,|&$,|&$,|
707965467607695441&$,|&$,|&$,|
708348711054344334&$,|&$,|&$,|
708380696196153466&$,|&$,|&$,|
709004573267722342&$,|&$,|&$,|
709073561242828820&$,|&$,|&$,|
709295422707073025&$,|&$,|&$,|
709607913722740798&$,|&$,|&$,|
709830936380047430&$,|&$,|&$,|
710028878009335808&$,|&$,|&$,|
710448758042787860&$,|&$,|&$,|
710489777606098964&$,|&$,|&$,|
711131938815213568&$,|&$,|&$,|
711418068118667325&$,|&$,|&$,|
711961772927746109&$,|&$,|&$,|
712707664593027242&$,|&$,|&$,|
712789821818404914&$,|&$,|&$,|
712935753319055360&$,|&$,|&$,|
713079875711402134&$,|&$,|&$,|
713345118790221834&$,|&$,|&$,|
713499039408193597&$,|&$,|&$,|
713648539317829673&$,|&$,|&$,|
714145836434587690&$,|&$,|&$,|
714191979151491083&$,|&$,|&$,|
714441241659703297&$,|&$,|&$,|
714459969847689288&$,|&$,|&$,|
715771710170857472&$,|&$,|&$,|
716153725034692610&$,|&$,|&$,|
716387471394471937&$,|&$,|&$,|
717200282391543868&$,|&$,|&$,|
717383984958668843&$,|&$,|&$,|
717430147476619359&$,|&$,|&$,|
717438383831384144&$,|&$,|&$,|
717642145837744218&$,|&$,|&$,|
717895142081560638&$,|&$,|&$,|
717901031643676685&$,|&$,|&$,|
718013795330424884&$,|&$,|&$,|
718157554848366612&$,|&$,|&$,|
718514197910257716&$,|&$,|&$,|
718527666512330834&$,|&$,|&$,|
718634133227831307&$,|&$,|&$,|
719004531220021268&$,|&$,|&$,|
719914097105436743&$,|&$,|&$,|
719939979798773841&$,|&$,|&$,|
720198792590131271&$,|&$,|&$,|
720642531695788092&$,|&$,|&$,|
722746437783388220&$,|&$,|&$,|
723441664945029161&$,|&$,|&$,|
723524770280374325&$,|&$,|&$,|
724534970605109330&$,|&$,|&$,|
724645766253117533&$,|&$,|&$,|
725311529272082472&$,|&$,|&$,|
727788003602464790&$,|&$,|&$,|
728730161050026074&$,|&$,|&$,|
729309933459472384&$,|&$,|&$,|
729706571470340117&$,|&$,|&$,|
730048445494329365&$,|&$,|&$,|
730060966292619335&$,|&$,|&$,|
730149176788385853&$,|&$,|&$,|
730177279593807912&$,|&$,|&$,|
731135854717960252&$,|&$,|&$,|
731429096013168642&$,|&$,|&$,|
731935061091549337&$,|&$,|&$,|
732249144776720384&$,|&$,|&$,|
732486252711903262&$,|&$,|&$,|
732969867623268444&$,|&$,|&$,|
733619786650746880&$,|&$,|&$,|
733622917346230295&$,|&$,|&$,|
733871777062715396&$,|&$,|&$,|
734903193154224268&$,|&$,|&$,|
735008984116887553&$,|&$,|&$,|
735314471328808960&$,|&$,|&$,|
735321700681646094&$,|&$,|&$,|
735758862765785129&$,|&$,|&$,|
736460145982177301&$,|&$,|&$,|
737001342349869068&$,|&$,|&$,|
737165970464047126&$,|&$,|&$,|
737863221414985851&$,|&$,|&$,|
737918062245707839&$,|&$,|&$,|
738665521511399435&$,|&$,|&$,|
739059624501837885&$,|&$,|&$,|
739068497375526923&$,|&$,|&$,|
739159333820170262&$,|&$,|&$,|
739166201460162570&$,|&$,|&$,|
739485968268001361&$,|&$,|&$,|
739625249989197905&$,|&$,|&$,|
740067760541007894&$,|&$,|&$,|
740778715973419040&$,|&$,|&$,|
740862835730546748&$,|&$,|&$,|
740993382549159986&$,|&$,|&$,|
741041663425904712&$,|&$,|&$,|
742751389612245074&$,|&$,|&$,|
743130416801775687&$,|&$,|&$,|
743249662542348340&$,|&$,|&$,|
743513576769323102&$,|&$,|&$,|
744032708749164576&$,|&$,|&$,|
744216689876664330&$,|&$,|&$,|
744863505324179526&$,|&$,|&$,|
745133663230099496&$,|&$,|&$,|
745368393376465006&$,|&$,|&$,|
745877377636106270&$,|&$,|&$,|
745964467287883837&$,|&$,|&$,|
746184778457415800&$,|&$,|&$,|
746713227815026774&$,|&$,|&$,|
746739970319843398&$,|&$,|&$,|
747884095744245867&$,|&$,|&$,|
748378126005960754&$,|&$,|&$,|
748836301481967658&$,|&$,|&$,|
748953493225734225&$,|&$,|&$,|
749429138603114667&$,|&$,|&$,|
750185638862782636&$,|&$,|&$,|
750248376301518899&$,|&$,|&$,|
751732978853478422&$,|&$,|&$,|
751991998210113617&$,|&$,|&$,|
752101617297522708&$,|&$,|&$,|
752225138099093515&$,|&$,|&$,|
752226661549867169&$,|&$,|&$,|
752372340557348925&$,|&$,|&$,|
752529529917931590&$,|&$,|&$,|
752747796666515478&$,|&$,|&$,|
753127877914132481&$,|&$,|&$,|
753464979369361448&$,|&$,|&$,|
753606319457435659&$,|&$,|&$,|
753940251851882527&$,|&$,|&$,|
754025477446041600&$,|&$,|&$,|
754525225936355339&$,|&$,|&$,|
754710865902698576&$,|&$,|&$,|
754904375553425529&$,|&$,|&$,|
755023333258690580&$,|&$,|&$,|
755078795765219428&$,|&$,|&$,|
755086110723408030&$,|&$,|&$,|
755109290640932884&$,|&$,|&$,|
755299870453006406&$,|&$,|&$,|
755358436165681173&$,|&$,|&$,|
755398352065003542&$,|&$,|&$,|
755672802916433921&$,|&$,|&$,|
756169998849933332&$,|&$,|&$,|
756477434190364743&$,|&$,|&$,|
756513253269569596&$,|&$,|&$,|
758022438633341008&$,|&$,|&$,|
758213669640208384&$,|&$,|&$,|
758241023440453634&$,|&$,|&$,|
758580757412446228&$,|&$,|&$,|
758704569001443408&$,|&$,|&$,|
759757186468937778&$,|&$,|&$,|
759873914825605189&$,|&$,|&$,|
759983845415190528&$,|&$,|&$,|
760247660962643969&$,|&$,|&$,|
760872328954511402&$,|&$,|&$,|
761382459379417098&$,|&$,|&$,|
761424004455727154&$,|&$,|&$,|
761596300591497216&$,|&$,|&$,|
761965480478638090&$,|&$,|&$,|
762171414924099624&$,|&$,|&$,|
762238197492613151&$,|&$,|&$,|
762943500089032736&$,|&$,|&$,|
763222598506381333&$,|&$,|&$,|
764037835098685450&$,|&$,|&$,|
764233867955273769&$,|&$,|&$,|
764597054961877002&$,|&$,|&$,|
765194964153270283&$,|&$,|&$,|
765932928663552060&$,|&$,|&$,|
766237422962212874&$,|&$,|&$,|
766652336130621470&$,|&$,|&$,|
767415226730938399&$,|&$,|&$,|
767676361808281621&$,|&$,|&$,|
767740337439375390&$,|&$,|&$,|
767788889921421352&$,|&$,|&$,|
767832753793269830&$,|&$,|&$,|
767969172583088150&$,|&$,|&$,|
768296748878790676&$,|&$,|&$,|
768921385371828227&$,|&$,|&$,|
769177268366737480&$,|&$,|&$,|
769562241417609217&$,|&$,|&$,|
769745936427253820&$,|&$,|&$,|
770679610433470484&$,|&$,|&$,|
772492219063861272&$,|&$,|&$,|
772839226177224714&$,|&$,|&$,|
773215876173660180&$,|&$,|&$,|
775388840302739496&$,|&$,|&$,|
776507032840568853&$,|&$,|&$,|
776804664117035048&$,|&$,|&$,|
777993664763920400&$,|&$,|&$,|
778047400933326919&$,|&$,|&$,|
778066905587777588&$,|&$,|&$,|
779348685980696578&$,|&$,|&$,|
779511607172530196&$,|&$,|&$,|
780510515134726227&$,|&$,|&$,|
780803362870132826&$,|&$,|&$,|
781089221959483415&$,|&$,|&$,|
781453434918010940&$,|&$,|&$,|
781496660965457930&$,|&$,|&$,|
781596467323863060&$,|&$,|&$,|
782979588896325662&$,|&$,|&$,|
783093742433075241&$,|&$,|&$,|
783406872900272179&$,|&$,|&$,|
783653909607481344&$,|&$,|&$,|
783718152172863589&$,|&$,|&$,|
783935053029572618&$,|&$,|&$,|
784511583593562144&$,|&$,|&$,|
785512871281950800&$,|&$,|&$,|
786769590293233695&$,|&$,|&$,|
786869553695031318&$,|&$,|&$,|
787001079949819924&$,|&$,|&$,|
788043848928067604&$,|&$,|&$,|
788159419577401415&$,|&$,|&$,|
788507375584673843&$,|&$,|&$,|
788796659525746689&$,|&$,|&$,|
788884000881377300&$,|&$,|&$,|
789531906990407731&$,|&$,|&$,|
789632531196149790&$,|&$,|&$,|
789688285211263006&$,|&$,|&$,|
789725941474525195&$,|&$,|&$,|
789893696627671050&$,|&$,|&$,|
791140370016370718&$,|&$,|&$,|
791677221638635550&$,|&$,|&$,|
791765298813730836&$,|&$,|&$,|
792642246394118155&$,|&$,|&$,|
792687600901029888&$,|&$,|&$,|
792876184600969266&$,|&$,|&$,|
793009052879028254&$,|&$,|&$,|
793583048809119774&$,|&$,|&$,|
793880345841369089&$,|&$,|&$,|
793961686289219624&$,|&$,|&$,|
794299292302180433&$,|&$,|&$,|
794305035516641292&$,|&$,|&$,|
794320737833582603&$,|&$,|&$,|
794475311629598740&$,|&$,|&$,|
794641297977507861&$,|&$,|&$,|
794719216548315197&$,|&$,|&$,|
794804429962084373&$,|&$,|&$,|
795068308676018188&$,|&$,|&$,|
796180621814267904&$,|&$,|&$,|
796275327881314316&$,|&$,|&$,|
796355190004383765&$,|&$,|&$,|
797189566023991330&$,|&$,|&$,|
797324148585922560&$,|&$,|&$,|
797409408485163028&$,|&$,|&$,|
798023496369963038&$,|&$,|&$,|
798194986834591755&$,|&$,|&$,|
798763652501078026&$,|&$,|&$,|
798812797210460192&$,|&$,|&$,|
798938643133104138&$,|&$,|&$,|
799382377997795398&$,|&$,|&$,|
799644520760213556&$,|&$,|&$,|
799666452247871548&$,|&$,|&$,|
799709190901858325&$,|&$,|&$,|
800183537528471602&$,|&$,|&$,|
800576170114285582&$,|&$,|&$,|
800770428623650858&$,|&$,|&$,|
801707690131980348&$,|&$,|&$,|
801987904834371604&$,|&$,|&$,|
802045689054887998&$,|&$,|&$,|
802463328013516821&$,|&$,|&$,|
802903985471619103&$,|&$,|&$,|
803068016941596684&$,|&$,|&$,|
803296477585473546&$,|&$,|&$,|
803541644569214996&$,|&$,|&$,|
804036683892391996&$,|&$,|&$,|
804359785386213456&$,|&$,|&$,|
804456042133323827&$,|&$,|&$,|
804662330113392692&$,|&$,|&$,|
804763672198250558&$,|&$,|&$,|
804927303598866454&$,|&$,|&$,|
805566606582218752&$,|&$,|&$,|
806148389423022110&$,|&$,|&$,|
806184543861604352&$,|&$,|&$,|
806419545644204032&$,|&$,|&$,|
806500980480802866&$,|&$,|&$,|
806625616350806046&$,|&$,|&$,|
806719706626916412&$,|&$,|&$,|
807186499413082132&$,|&$,|&$,|
807291434104651838&$,|&$,|&$,|
807543927908335617&$,|&$,|&$,|
807697984770146334&$,|&$,|&$,|
808637101599227954&$,|&$,|&$,|
808671023276883998&$,|&$,|&$,|
808950447893118978&$,|&$,|&$,|
808955866254147634&$,|&$,|&$,|
809521643285381130&$,|&$,|&$,|
810125314813722655&$,|&$,|&$,|
810670311451918356&$,|&$,|&$,|
810776536415862784&$,|&$,|&$,|
810803819012161567&$,|&$,|&$,|
810940708461871105&$,|&$,|&$,|
811044158742593537&$,|&$,|&$,|
811445695873417256&$,|&$,|&$,|
811689409090420776&$,|&$,|&$,|
811884722962956320&$,|&$,|&$,|
812059691923275797&$,|&$,|&$,|
812210128233168927&$,|&$,|&$,|
812234039259824149&$,|&$,|&$,|
812342148983816222&$,|&$,|&$,|
812400430444445697&$,|&$,|&$,|
812449320107507744&$,|&$,|&$,|
812582302974607371&$,|&$,|&$,|
812950511790850048&$,|&$,|&$,|
813092198026969088&$,|&$,|&$,|
813947661173522452&$,|&$,|&$,|
814940174088798300&$,|&$,|&$,|
815098612140212234&$,|&$,|&$,|
815182816962805760&$,|&$,|&$,|
815211445406531586&$,|&$,|&$,|
815309824949616732&$,|&$,|&$,|
815516521437593600&$,|&$,|&$,|
815726746690650143&$,|&$,|&$,|
815898311273873460&$,|&$,|&$,|
815931665507549194&$,|&$,|&$,|
816041955984932875&$,|&$,|&$,|
817072946127962114&$,|&$,|&$,|
817503509612068904&$,|&$,|&$,|
817511404147048448&$,|&$,|&$,|
818256600728993812&$,|&$,|&$,|
818662332531081267&$,|&$,|&$,|
818755010438758401&$,|&$,|&$,|
819036031722586152&$,|&$,|&$,|
819296078247624774&$,|&$,|&$,|
819729898158424085&$,|&$,|&$,|
819737089846673408&$,|&$,|&$,|
820168604733276210&$,|&$,|&$,|
820353805270777887&$,|&$,|&$,|
820508560270164008&$,|&$,|&$,|
820579855396634656&$,|&$,|&$,|
820650234160873482&$,|&$,|&$,|
820728373810561064&$,|&$,|&$,|
820988465541939265&$,|&$,|&$,|
821140653957185566&$,|&$,|&$,|
821546535808401428&$,|&$,|&$,|
821891817112600576&$,|&$,|&$,|
822052486075777044&$,|&$,|&$,|
822403297448558592&$,|&$,|&$,|
822523535251341343&$,|&$,|&$,|
822609278383685644&$,|&$,|&$,|
822682563189276683&$,|&$,|&$,|
822795280419782688&$,|&$,|&$,|
823309980878110720&$,|&$,|&$,|
823571567057305651&$,|&$,|&$,|
823698076622913579&$,|&$,|&$,|
823768869432721418&$,|&$,|&$,|
823867497764880435&$,|&$,|&$,|
823871635785908224&$,|&$,|&$,|
823898236099887154&$,|&$,|&$,|
823971015846527006&$,|&$,|&$,|
823982016167936000&$,|&$,|&$,|
824213603384426496&$,|&$,|&$,|
824220636943089664&$,|&$,|&$,|
824362794161274920&$,|&$,|&$,|
824508084076281897&$,|&$,|&$,|
824603140506648607&$,|&$,|&$,|
824821349138169876&$,|&$,|&$,|
824918208422084639&$,|&$,|&$,|
824981749099397153&$,|&$,|&$,|
825131272484552744&$,|&$,|&$,|
825165664863649823&$,|&$,|&$,|
825239208746024970&$,|&$,|&$,|
825403087618834474&$,|&$,|&$,|
825578229305180160&$,|&$,|&$,|
825873283793813534&$,|&$,|&$,|
826419176938799176&$,|&$,|&$,|
826778310565822496&$,|&$,|&$,|
826910876632219698&$,|&$,|&$,|
827020927840681994&$,|&$,|&$,|
827218914701213777&$,|&$,|&$,|
827470748327084053&$,|&$,|&$,|
827486508817580053&$,|&$,|&$,|
827517711369371688&$,|&$,|&$,|
827904115081740308&$,|&$,|&$,|
828360788074299512&$,|&$,|&$,|
828613063212793856&$,|&$,|&$,|
828679852822888481&$,|&$,|&$,|
828688995771744306&$,|&$,|&$,|
829371041036894319&$,|&$,|&$,|
829838280480653423&$,|&$,|&$,|
830092386742435881&$,|&$,|&$,|
830173160707325972&$,|&$,|&$,|
830421175775395871&$,|&$,|&$,|
830718971845804072&$,|&$,|&$,|
830733244214935562&$,|&$,|&$,|
830927007944671262&$,|&$,|&$,|
830948145780752405&$,|&$,|&$,|
830985766549192755&$,|&$,|&$,|
831507447922950144&$,|&$,|&$,|
831760180085653545&$,|&$,|&$,|
831761502465032213&$,|&$,|&$,|
831807834509279272&$,|&$,|&$,|
832003502154186756&$,|&$,|&$,|
832111183141797888&$,|&$,|&$,|
832143017330212915&$,|&$,|&$,|
832298624540868638&$,|&$,|&$,|
832351875029401600&$,|&$,|&$,|
832595913126051850&$,|&$,|&$,|
832642450249351230&$,|&$,|&$,|
832663576325128282&$,|&$,|&$,|
832730746258718741&$,|&$,|&$,|
832849852974104616&$,|&$,|&$,|
833588494525923340&$,|&$,|&$,|
833935014319226880&$,|&$,|&$,|
833982664818032661&$,|&$,|&$,|
833990373113987092&$,|&$,|&$,|
834586505548267601&$,|&$,|&$,|
834913821603790848&$,|&$,|&$,|
835197193908518922&$,|&$,|&$,|
835853132066979880&$,|&$,|&$,|
835887899160477696&$,|&$,|&$,|
835971381870854194&$,|&$,|&$,|
836079865195003945&$,|&$,|&$,|
836098376323301386&$,|&$,|&$,|
836174745288310845&$,|&$,|&$,|
836201911748263950&$,|&$,|&$,|
836299778173566997&$,|&$,|&$,|
836316908579061790&$,|&$,|&$,|
836731894497804358&$,|&$,|&$,|
836960779298144316&$,|&$,|&$,|
837415607275356270&$,|&$,|&$,|
837429788011790336&$,|&$,|&$,|
837445836202967091&$,|&$,|&$,|
837994421009514498&$,|&$,|&$,|
838502008599871508&$,|&$,|&$,|
838839400988409857&$,|&$,|&$,|
839002855896907787&$,|&$,|&$,|
839062177633533992&$,|&$,|&$,|
839237637809242164&$,|&$,|&$,|
839253380760076328&$,|&$,|&$,|
839339429437112393&$,|&$,|&$,|
839547789968932904&$,|&$,|&$,|
839764014866104382&$,|&$,|&$,|
839940533987311636&$,|&$,|&$,|
840191778858598400&$,|&$,|&$,|
840310329631047731&$,|&$,|&$,|
841374459915010079&$,|&$,|&$,|
841408348565143563&$,|&$,|&$,|
841743585270431794&$,|&$,|&$,|
842004551758381076&$,|&$,|&$,|
842292121872367646&$,|&$,|&$,|
842295847681392652&$,|&$,|&$,|
842355856724197416&$,|&$,|&$,|
842750847556780103&$,|&$,|&$,|
842957040628269056&$,|&$,|&$,|
842967629261963314&$,|&$,|&$,|
842970427306541077&$,|&$,|&$,|
843217794039939112&$,|&$,|&$,|
843669612197183489&$,|&$,|&$,|
843915901009920000&$,|&$,|&$,|
844165029934530570&$,|&$,|&$,|
844320655482028043&$,|&$,|&$,|
844440993083424778&$,|&$,|&$,|
844459013672665099&$,|&$,|&$,|
844583025680973864&$,|&$,|&$,|
844604810065346600&$,|&$,|&$,|
844931633643651092&$,|&$,|&$,|
845297449832415252&$,|&$,|&$,|
845688382448599130&$,|&$,|&$,|
846231727218098177&$,|&$,|&$,|
846581389092323363&$,|&$,|&$,|
846807820556173342&$,|&$,|&$,|
847221227861180446&$,|&$,|&$,|
847839053167984651&$,|&$,|&$,|
848310190850834502&$,|&$,|&$,|
848942444372164648&$,|&$,|&$,|
848948013828145163&$,|&$,|&$,|
849545508640260117&$,|&$,|&$,|
849641704218296340&$,|&$,|&$,|
849694205286023228&$,|&$,|&$,|
850238468969988117&$,|&$,|&$,|
850358160052715542&$,|&$,|&$,|
850369497444646942&$,|&$,|&$,|
850371564696371210&$,|&$,|&$,|
851310135732338698&$,|&$,|&$,|
851484947922288660&$,|&$,|&$,|
851485267793543218&$,|&$,|&$,|
851692995959062578&$,|&$,|&$,|
851819157308571718&$,|&$,|&$,|
851969606741786645&$,|&$,|&$,|
852092200262041600&$,|&$,|&$,|
852569995841896469&$,|&$,|&$,|
852768955089158154&$,|&$,|&$,|
852896367675703317&$,|&$,|&$,|
853544318111318026&$,|&$,|&$,|
853827107205414933&$,|&$,|&$,|
854176014015922216&$,|&$,|&$,|
854640868697702411&$,|&$,|&$,|
854829461723414528&$,|&$,|&$,|
855017719656087563&$,|&$,|&$,|
855077320758394880&$,|&$,|&$,|
855398410713432074&$,|&$,|&$,|
855726699949195264&$,|&$,|&$,|
855838582529589278&$,|&$,|&$,|
856229009251369000&$,|&$,|&$,|
856306994918981634&$,|&$,|&$,|
856443633406705666&$,|&$,|&$,|
856851495692533780&$,|&$,|&$,|
856894333180706876&$,|&$,|&$,|
856936061916938280&$,|&$,|&$,|
857241143531274251&$,|&$,|&$,|
857516923684126750&$,|&$,|&$,|
857698016965034014&$,|&$,|&$,|
858779866428866591&$,|&$,|&$,|
859100972880756737&$,|&$,|&$,|
859129421911031838&$,|&$,|&$,|
859351487821774869&$,|&$,|&$,|
859728016425746432&$,|&$,|&$,|
860906998643163176&$,|&$,|&$,|
861827522323939378&$,|&$,|&$,|
862060632270831638&$,|&$,|&$,|
862264862099767326&$,|&$,|&$,|
862729320135786496&$,|&$,|&$,|
863319472555163678&$,|&$,|&$,|
863414688065519616&$,|&$,|&$,|
863416849546215444&$,|&$,|&$,|
863874405581717566&$,|&$,|&$,|
864049940014301185&$,|&$,|&$,|
864075865922076672&$,|&$,|&$,|
864113494681190410&$,|&$,|&$,|
864198044760408085&$,|&$,|&$,|
864277790634803250&$,|&$,|&$,|
865132907466326028&$,|&$,|&$,|
866426835609190401&$,|&$,|&$,|
866645251342467112&$,|&$,|&$,|
866884615133462549&$,|&$,|&$,|
868026735646621726&$,|&$,|&$,|
869410895586013215&$,|&$,|&$,|
869551934921666590&$,|&$,|&$,|
869620552262885427&$,|&$,|&$,|
869904323293876234&$,|&$,|&$,|
869951032229232681&$,|&$,|&$,|
869987260697833502&$,|&$,|&$,|
869987845446729738&$,|&$,|&$,|
870134395397365811&$,|&$,|&$,|
870167325402357810&$,|&$,|&$,|
870355291512930344&$,|&$,|&$,|
870498332785672212&$,|&$,|&$,|
870719909011800094&$,|&$,|&$,|
870747485730115644&$,|&$,|&$,|
871004653679169567&$,|&$,|&$,|
871056093000892436&$,|&$,|&$,|
871228936267391007&$,|&$,|&$,|
871393429609910292&$,|&$,|&$,|
871609605766135808&$,|&$,|&$,|
871686713716670484&$,|&$,|&$,|
871758833716957189&$,|&$,|&$,|
871761536887185529&$,|&$,|&$,|
872088707602219078&$,|&$,|&$,|
872183569710207016&$,|&$,|&$,|
872329212047007764&$,|&$,|&$,|
872840788659286066&$,|&$,|&$,|
872890723949772881&$,|&$,|&$,|
873392964402020414&$,|&$,|&$,|
873444584338886696&$,|&$,|&$,|
873670201076506695&$,|&$,|&$,|
873680844093546576&$,|&$,|&$,|
873937337233580092&$,|&$,|&$,|
874220863556317195&$,|&$,|&$,|
874329076196868106&$,|&$,|&$,|
874801391007309924&$,|&$,|&$,|
874962963587555368&$,|&$,|&$,|
875035967680028705&$,|&$,|&$,|
875051785650319380&$,|&$,|&$,|
875207236987809832&$,|&$,|&$,|
875869559754739712&$,|&$,|&$,|
876140322386771999&$,|&$,|&$,|
876241104469643274&$,|&$,|&$,|
876339010543419432&$,|&$,|&$,|
876805389495173141&$,|&$,|&$,|
877181000302596128&$,|&$,|&$,|
877215635980054548&$,|&$,|&$,|
877414822352916490&$,|&$,|&$,|
877914689407954954&$,|&$,|&$,|
878011625129537566&$,|&$,|&$,|
878663597536968794&$,|&$,|&$,|
878795396590211122&$,|&$,|&$,|
878827589500796978&$,|&$,|&$,|
878932660213399593&$,|&$,|&$,|
879312472790679592&$,|&$,|&$,|
879386840719827014&$,|&$,|&$,|
879558177119686668&$,|&$,|&$,|
879585602905976842&$,|&$,|&$,|
879783469385908274&$,|&$,|&$,|
879835390251499540&$,|&$,|&$,|
880082932239302707&$,|&$,|&$,|
880110628726014053&$,|&$,|&$,|
880152653106139156&$,|&$,|&$,|
880730883659816980&$,|&$,|&$,|
880735966334189630&$,|&$,|&$,|
880837754999672933&$,|&$,|&$,|
881872684412198952&$,|&$,|&$,|
882108225745481809&$,|&$,|&$,|
882636363609038939&$,|&$,|&$,|
882702998017568819&$,|&$,|&$,|
882706231750447205&$,|&$,|&$,|
882990645877284894&$,|&$,|&$,|
883276129627148318&$,|&$,|&$,|
883646676328402944&$,|&$,|&$,|
883997301180338186&$,|&$,|&$,|
884083032758304771&$,|&$,|&$,|
884522616105349240&$,|&$,|&$,|
884540899554648155&$,|&$,|&$,|
885012020758450197&$,|&$,|&$,|
885571407625482281&$,|&$,|&$,|
885798988270407721&$,|&$,|&$,|
886034556430450718&$,|&$,|&$,|
886040222427672646&$,|&$,|&$,|
886200293702926346&$,|&$,|&$,|
886502506081972284&$,|&$,|&$,|
886522870489030696&$,|&$,|&$,|
886609046839361557&$,|&$,|&$,|
886926031435468841&$,|&$,|&$,|
887097529408299038&$,|&$,|&$,|
887667509745029140&$,|&$,|&$,|
887704774043111444&$,|&$,|&$,|
887789224265388093&$,|&$,|&$,|
888060688847765524&$,|&$,|&$,|
888130899630235718&$,|&$,|&$,|
888776726254059550&$,|&$,|&$,|
889086272390430760&$,|&$,|&$,|
889109781338533940&$,|&$,|&$,|
889196415513952316&$,|&$,|&$,|
889895090502393947&$,|&$,|&$,|
889965889527631873&$,|&$,|&$,|
890325937999212626&$,|&$,|&$,|
890766680567996479&$,|&$,|&$,|
891180518031368243&$,|&$,|&$,|
891361096030646343&$,|&$,|&$,|
891434355015180318&$,|&$,|&$,|
891528884149956619&$,|&$,|&$,|
891690679573561354&$,|&$,|&$,|
891724390939631676&$,|&$,|&$,|
891923019264589834&$,|&$,|&$,|
891949599466590219&$,|&$,|&$,|
892129014943187035&$,|&$,|&$,|
892251003418718228&$,|&$,|&$,|
892523951664795668&$,|&$,|&$,|
893394466898055278&$,|&$,|&$,|
893431930694037514&$,|&$,|&$,|
893496983694757898&$,|&$,|&$,|
894115306803429486&$,|&$,|&$,|
894228888069210172&$,|&$,|&$,|
894825120500166697&$,|&$,|&$,|
894841563979591681&$,|&$,|&$,|
894893077817327636&$,|&$,|&$,|
894896224434552832&$,|&$,|&$,|
895213139568771072&$,|&$,|&$,|
895234916323823617&$,|&$,|&$,|
895486091711365152&$,|&$,|&$,|
895916078918676481&$,|&$,|&$,|
895982596872343573&$,|&$,|&$,|
896014652151042048&$,|&$,|&$,|
896033250408005662&$,|&$,|&$,|
896121601739882536&$,|&$,|&$,|
897099801907331132&$,|&$,|&$,|
897101572490821684&$,|&$,|&$,|
897194458171453520&$,|&$,|&$,|
897576644871610398&$,|&$,|&$,|
897740782763659297&$,|&$,|&$,|
897768812940787722&$,|&$,|&$,|
897848794354429953&$,|&$,|&$,|
898213319347949628&$,|&$,|&$,|
899849431875203072&$,|&$,|&$,|
899956531188105286&$,|&$,|&$,|
900200475444531310&$,|&$,|&$,|
900386199745749093&$,|&$,|&$,|
901016947376939028&$,|&$,|&$,|
901137496983875684&$,|&$,|&$,|
901477443318185985&$,|&$,|&$,|
902066467531534346&$,|&$,|&$,|
902194079524343899&$,|&$,|&$,|
902232508953952276&$,|&$,|&$,|
902523413434884116&$,|&$,|&$,|
902595383065215078&$,|&$,|&$,|
902779842808938527&$,|&$,|&$,|
902910727948492840&$,|&$,|&$,|
903015700505980980&$,|&$,|&$,|
903460129507258438&$,|&$,|&$,|
903939671460028457&$,|&$,|&$,|
904304362292129852&$,|&$,|&$,|
904695423204204555&$,|&$,|&$,|
905097337192452136&$,|&$,|&$,|
905126541355270244&$,|&$,|&$,|
905164152551645184&$,|&$,|&$,|
905726802167742514&$,|&$,|&$,|
905761389195432018&$,|&$,|&$,|
905833739786006640&$,|&$,|&$,|
906137578699391006&$,|&$,|&$,|
906214357376041000&$,|&$,|&$,|
906683097670623282&$,|&$,|&$,|
907079321775112192&$,|&$,|&$,|
907257064336814091&$,|&$,|&$,|
907612280898846770&$,|&$,|&$,|
908313007342383155&$,|&$,|&$,|
908858477106040892&$,|&$,|&$,|
909081044391698442&$,|&$,|&$,|
909735736272633877&$,|&$,|&$,|
910192312498421782&$,|&$,|&$,|
910285819628097566&$,|&$,|&$,|
910436863662256158&$,|&$,|&$,|
910559622472032296&$,|&$,|&$,|
910681245275553833&$,|&$,|&$,|
912143782416375808&$,|&$,|&$,|
912245331415146567&$,|&$,|&$,|
912323286438936606&$,|&$,|&$,|
912400621368406127&$,|&$,|&$,|
912693539169783898&$,|&$,|&$,|
912742076255440927&$,|&$,|&$,|
912772189693018162&$,|&$,|&$,|
913002473805991987&$,|&$,|&$,|
913089847135195166&$,|&$,|&$,|
913368868829941781&$,|&$,|&$,|
913429182514626600&$,|&$,|&$,|
913478920106553344&$,|&$,|&$,|
913831791377399918&$,|&$,|&$,|
914487695210840124&$,|&$,|&$,|
914495576756850749&$,|&$,|&$,|
914932701738467359&$,|&$,|&$,|
915462608130285598&$,|&$,|&$,|
915791528260161558&$,|&$,|&$,|
916222445881552966&$,|&$,|&$,|
916700693056868432&$,|&$,|&$,|
916727826210750534&$,|&$,|&$,|
916952704453058632&$,|&$,|&$,|
917419161339199539&$,|&$,|&$,|
917718762868854794&$,|&$,|&$,|
917922826256781353&$,|&$,|&$,|
918167005721395202&$,|&$,|&$,|
918509013027651585&$,|&$,|&$,|
918791311010717717&$,|&$,|&$,|
919810295541665802&$,|&$,|&$,|
921014569340661820&$,|&$,|&$,|
921194087833546793&$,|&$,|&$,|
922087398496673873&$,|&$,|&$,|
922175619071098950&$,|&$,|&$,|
922263859564269608&$,|&$,|&$,|
922789233855438918&$,|&$,|&$,|
922853001335554058&$,|&$,|&$,|
923112126330064907&$,|&$,|&$,|
923168912294707210&$,|&$,|&$,|
923744247214141501&$,|&$,|&$,|
924302432119422977&$,|&$,|&$,|
925387701329469470&$,|&$,|&$,|
925511288904355841&$,|&$,|&$,|
925516220155969617&$,|&$,|&$,|
925641624380391465&$,|&$,|&$,|
926112347951616060&$,|&$,|&$,|
926331338833936395&$,|&$,|&$,|
926887617637797918&$,|&$,|&$,|
927553129367625798&$,|&$,|&$,|
927870905382744084&$,|&$,|&$,|
927949838283333632&$,|&$,|&$,|
928004346866700289&$,|&$,|&$,|
928074253641854997&$,|&$,|&$,|
928297816915345438&$,|&$,|&$,|
928728336832790588&$,|&$,|&$,|
928985141978755102&$,|&$,|&$,|
929052194249007224&$,|&$,|&$,|
929654098247188500&$,|&$,|&$,|
930088929066119198&$,|&$,|&$,|
930115090735308890&$,|&$,|&$,|
930159156458029107&$,|&$,|&$,|
930358359524249600&$,|&$,|&$,|
930412215570423811&$,|&$,|&$,|
930606313354969119&$,|&$,|&$,|
931007981628325958&$,|&$,|&$,|
931207847914647622&$,|&$,|&$,|
931355568076099675&$,|&$,|&$,|
931586648658030693&$,|&$,|&$,|
931844292513759253&$,|&$,|&$,|
932223474645237780&$,|&$,|&$,|
932684663460356146&$,|&$,|&$,|
932902483683057684&$,|&$,|&$,|
932948464462090321&$,|&$,|&$,|
933377996683874316&$,|&$,|&$,|
933924846897864725&$,|&$,|&$,|
934109149833334855&$,|&$,|&$,|
935012160185180160&$,|&$,|&$,|
935547669412196493&$,|&$,|&$,|
935955574665924638&$,|&$,|&$,|
936174198018162698&$,|&$,|&$,|
936223826453356566&$,|&$,|&$,|
937448788648411176&$,|&$,|&$,|
937513212688105492&$,|&$,|&$,|
937879641673306112&$,|&$,|&$,|
938151463216107530&$,|&$,|&$,|
938307854442561566&$,|&$,|&$,|
938356270241570856&$,|&$,|&$,|
938638426998186014&$,|&$,|&$,|
938658528229462126&$,|&$,|&$,|
938792695474839582&$,|&$,|&$,|
939843343876235274&$,|&$,|&$,|
940179102680383508&$,|&$,|&$,|
940188828839342090&$,|&$,|&$,|
940973995619135509&$,|&$,|&$,|
941104928246595664&$,|&$,|&$,|
941428017442488371&$,|&$,|&$,|
941876813574074399&$,|&$,|&$,|
942138633702502410&$,|&$,|&$,|
942598891445055509&$,|&$,|&$,|
942884213013753867&$,|&$,|&$,|
943197186416599131&$,|&$,|&$,|
943245697229160528&$,|&$,|&$,|
944320026700304395&$,|&$,|&$,|
944665497864142919&$,|&$,|&$,|
944928718328057886&$,|&$,|&$,|
944956979187712111&$,|&$,|&$,|
945377167527792681&$,|&$,|&$,|
945437826189754389&$,|&$,|&$,|
946138811648311367&$,|&$,|&$,|
946272014241509386&$,|&$,|&$,|
946367915085672458&$,|&$,|&$,|
946848880526503996&$,|&$,|&$,|
947531567327227904&$,|&$,|&$,|
949018564994687106&$,|&$,|&$,|
950092992126025860&$,|&$,|&$,|
950565567780229150&$,|&$,|&$,|
951544855643971644&$,|&$,|&$,|
951761067455942677&$,|&$,|&$,|
952286370028724264&$,|&$,|&$,|
952559175202926613&$,|&$,|&$,|
952632882562732042&$,|&$,|&$,|
952752755632640031&$,|&$,|&$,|
953254616466866206&$,|&$,|&$,|
953841482803060756&$,|&$,|&$,|
955723706422919209&$,|&$,|&$,|
956408353146417152&$,|&$,|&$,|
956811603964215316&$,|&$,|&$,|
956920417044553748&$,|&$,|&$,|
958340854643294259&$,|&$,|&$,|
959944083764301876&$,|&$,|&$,|
960488288274243604&$,|&$,|&$,|
960642015132016660&$,|&$,|&$,|
961831437261242451&$,|&$,|&$,|
963416916976861195&$,|&$,|&$,|
965938426761338910&$,|&$,|&$,|
967584723507494932&$,|&$,|&$,|
967682126302548028&$,|&$,|&$,|
