message_id&$,|word
968241447822327818&$,|abi
968241447822327818&$,|account
968241447822327818&$,|address
968226312965722173&$,|answer
968965912533270558&$,|apple
968233638779060324&$,|awesome
968241447822327818&$,|balance
968226188751413248&$,|be
968226312965722173&$,|blockchain
968226374684909608&$,|blockchain
968233914554540032&$,|blockchain
968241447822327818&$,|blockchain
968233914554540032&$,|can
968226188751413248&$,|certain
968226611059122188&$,|compile
968233914554540032&$,|contract
968241447822327818&$,|contract
968233914554540032&$,|contracts
968226611059122188&$,|crates
968237645597638697&$,|criteria
968233914554540032&$,|dapp
968230416949596170&$,|days
968230416949596170&$,|development
968226188751413248&$,|differently
968226188751413248&$,|do
968226374684909608&$,|ethereum
968233914554540032&$,|ethereum
968241447822327818&$,|ethereum
968226611059122188&$,|extra
968230416949596170&$,|faucet
968226611059122188&$,|flags
968233638779060324&$,|forward
968241447822327818&$,|gas
968233638779060324&$,|github
968226374684909608&$,|have
968226188751413248&$,|how
968233638779060324&$,|implementation
968241447822327818&$,|initialBalance
968233914554540032&$,|javascript
968230416949596170&$,|let
968237645597638697&$,|limiter
968233638779060324&$,|looking
968226312965722173&$,|mainnet
968233638779060324&$,|ncd
968237645597638697&$,|ncd
968226188751413248&$,|need
968226611059122188&$,|possible
968233638779060324&$,|project
968226188751413248&$,|purposes
968226312965722173&$,|question
968237645597638697&$,|rate
968230416949596170&$,|request
968237645597638697&$,|rpc
968226611059122188&$,|rust
968233638779060324&$,|see
968226188751413248&$,|set
968226312965722173&$,|set
968226374684909608&$,|should
968233914554540032&$,|smart
968230416949596170&$,|software
968226611059122188&$,|solidity
968237645597638697&$,|spam
968226611059122188&$,|step
968233638779060324&$,|submitted
968241447822327818&$,|Tags
968226611059122188&$,|target
968226188751413248&$,|testing
968226374684909608&$,|testing
968230416949596170&$,|testing
968226312965722173&$,|testnet
968237645597638697&$,|thingies
968230416949596170&$,|think
968226312965722173&$,|time
968237645597638697&$,|time
968226312965722173&$,|timestamp
968226188751413248&$,|to
968226374684909608&$,|to
968230416949596170&$,|token
968241447822327818&$,|transaction
968226188751413248&$,|variables
968226611059122188&$,|wasm
968233914554540032&$,|we
968226374684909608&$,|web3.eth.getBalance
968226312965722173&$,|web3.eth.getBlock
968226374684909608&$,|web3.eth.getBlock
968226312965722173&$,|web3.eth.getBlockNumber
968226374684909608&$,|web3.eth.getBlockNumber
968237645597638697&$,|web3js
